f1,accuracy,recall,precision,auc,exp_idx,epsilon,gen_idx,engine,similarity
0.14352047277332208,0.7507524107855783,0.08840353614144565,0.3811659192825112,0.7425985796971082,high_baseline,,source,,
0.8660676974508984,0.7637737239727289,1.0,0.7637737239727289,,low_baseline,,source,,
0.04371785451873622,0.6802407714513851,0.03094123764950598,0.07446808510638298,0.42236471043079765,0,0.01,0,priv_bayes,0.7241331654433217
0.051207554022153615,0.679073766967631,0.036661466458658344,0.08488862131246237,0.4241886515026343,0,0.01,1,priv_bayes,0.7262420277837495
0.044995571302037206,0.6688778330569375,0.033021320852834116,0.07059477487493052,0.42269243644695526,0,0.01,2,priv_bayes,0.7238465239601567
0.04431314623338257,0.6820834101099441,0.031201248049921998,0.07643312101910828,0.42443890759249187,0,0.01,3,priv_bayes,0.72415875843289
0.046613255644573935,0.678398132792826,0.033281331253250133,0.07776427703523693,0.4304454823950899,0,0.01,4,priv_bayes,0.7238362867643295
0.12140478353012413,0.6435108408574411,0.10426417056682268,0.14528985507246378,0.2774723099901077,1,0.01,0,priv_bayes,0.7576497445819642
0.12059701492537313,0.6381057674590013,0.10504420176807072,0.14155571128241065,0.276980611190672,1,0.01,1,priv_bayes,0.7571941893676484
0.12018444146958203,0.6366930778207727,0.10504420176807072,0.14042405283281195,0.2734369004836591,1,0.01,2,priv_bayes,0.7577367607464963
0.12069481880802635,0.639334193231374,0.10478419136765471,0.14230225988700565,0.27539616823917024,1,0.01,3,priv_bayes,0.7571122918010299
0.12192874692874693,0.6487930716786439,0.1032241289651586,0.14891222805701426,0.27765603185446275,1,0.01,4,priv_bayes,0.7568921920907425
0.2827417380660955,0.3521282476506357,0.5405616224648986,0.1914364640883978,0.3574078813574738,2,0.01,0,priv_bayes,0.6367740548508952
0.29125041904123367,0.3507155580124071,0.5647425897035881,0.1962236877766736,0.36284031095863856,2,0.01,1,priv_bayes,0.6361547045033423
0.287877763504834,0.35304956697991524,0.5535621424856995,0.19451804476930104,0.3636675141312046,2,0.01,2,priv_bayes,0.6365027691614714
0.28406779661016945,0.3513911921872121,0.5447217888715549,0.19213132795304474,0.35509379924855217,2,0.01,3,priv_bayes,0.6369429685820461
0.2694307702974416,0.3528038818254407,0.5052002080083203,0.18370048217831142,0.35101162550723986,2,0.01,4,priv_bayes,0.6377875372377998
0.04463818657367045,0.6634727596584976,0.033281331253250133,0.06776071995764955,0.4001298170141522,3,0.01,0,priv_bayes,0.766202921695689
0.040263673614822734,0.669123518211412,0.02938117524700988,0.06395019807583475,0.4011140823598364,3,0.01,1,priv_bayes,0.7660749567478476
0.03814232738831008,0.6654382408942939,0.028081123244929798,0.05943863511282334,0.38389028042022366,3,0.01,2,priv_bayes,0.767165218103457
0.043500776799585715,0.6596646397641422,0.0327613104524181,0.06471494607087827,0.40145328772539723,3,0.01,3,priv_bayes,0.7683015468402896
0.04512067156348373,0.6646397641422517,0.033541341653666144,0.06891025641025642,0.42142854753192943,3,0.01,4,priv_bayes,0.7671600995055434
0.466115944147964,0.551440329218107,0.8289131565262611,0.3242143801484796,0.6907568759525613,4,0.01,0,priv_bayes,0.7216404082593697
0.46432467815841155,0.5476322093237516,0.8299531981279251,0.32232656770675555,0.6918136870227523,4,0.01,1,priv_bayes,0.720928923149371
0.46522816737133693,0.5494134266936921,0.8296931877275091,0.3232374392220421,0.69233782700725,4,0.01,2,priv_bayes,0.7208930929639754
0.46530612244897956,0.5494134266936921,0.8299531981279251,0.32327324286003645,0.6945613288946515,4,0.01,3,priv_bayes,0.721138785663831
0.4644363636363637,0.5476936306123702,0.8302132085283411,0.3223949919224556,0.6922075290731774,4,0.01,4,priv_bayes,0.7220038287112395
0.36683159870329296,0.5441311958724894,0.5590223608944358,0.27298120873539866,0.5336005679873355,0,0.03593813663804628,0,priv_bayes,0.8120502032083371
0.3380649656013237,0.5331367852097537,0.5046801872074883,0.25415739164593426,0.5183740578412843,0,0.03593813663804628,1,priv_bayes,0.8100948988053193
0.3499133448873484,0.5392174927829986,0.5249609984399376,0.26241226930075384,0.5174598081631347,0,0.03593813663804628,2,priv_bayes,0.8122805401144518
0.39066086268302336,0.5271174989251275,0.641705668226729,0.28080555239503924,0.5519820591778235,0,0.03593813663804628,3,priv_bayes,0.8101921521656789
0.37119113573407203,0.5398931269578036,0.5748829953198128,0.2740795834882856,0.5381789360838607,0,0.03593813663804628,4,priv_bayes,0.8096854109722265
0.017045454545454544,0.7449788096554266,0.0093603744149766,0.09523809523809523,0.7064669510785256,1,0.03593813663804628,0,priv_bayes,0.8296632986292395
0.015680684248039915,0.7455316012529943,0.00858034321372855,0.09090909090909091,0.702396643513509,1,0.03593813663804628,1,priv_bayes,0.8311784036116826
0.020512820512820513,0.7419077452244948,0.011440457618304731,0.0990990990990991,0.7044103388582668,1,0.03593813663804628,2,priv_bayes,0.8325348320588025
0.017391304347826087,0.7431975922854861,0.009620384815392615,0.09046454767726161,0.6985636699291856,1,0.03593813663804628,3,priv_bayes,0.8315111124760706
0.011076330363592584,0.7477427676432652,0.005980239209568383,0.0749185667752443,0.702931039638047,1,0.03593813663804628,4,priv_bayes,0.832539950656716
0.0,0.7637737239727289,0.0,0.0,0.7440240472505912,2,0.03593813663804628,0,priv_bayes,0.8208183614344359
0.0,0.7637737239727289,0.0,0.0,0.7396725165347586,2,0.03593813663804628,1,priv_bayes,0.8199226067995454
0.0,0.7637737239727289,0.0,0.0,0.7447307590735475,2,0.03593813663804628,2,priv_bayes,0.8214633047715569
0.0,0.7637737239727289,0.0,0.0,0.7425543141548743,2,0.03593813663804628,3,priv_bayes,0.821151070298824
0.0,0.7637737239727289,0.0,0.0,0.7436626045661046,2,0.03593813663804628,4,priv_bayes,0.8219905203566639
0.0,0.7634666175296357,0.0,0.0,0.6313385506871824,3,0.03593813663804628,0,priv_bayes,0.8393118556964875
0.0015548069448043534,0.7633437749523985,0.00078003120124805,0.23076923076923078,0.6449201056100146,3,0.03593813663804628,1,priv_bayes,0.8385798961948344
0.0010373443983402492,0.7634051962410171,0.0005200208008320333,0.2,0.6309438617995061,3,0.03593813663804628,2,priv_bayes,0.8379247156618859
0.00155561317085818,0.7634666175296357,0.00078003120124805,0.2727272727272727,0.6334139815130201,3,0.03593813663804628,3,priv_bayes,0.8368702844916721
0.0,0.763589460106873,0.0,0.0,0.6242722479305285,3,0.03593813663804628,4,priv_bayes,0.8397059877358394
0.016734401147501795,0.7473742399115534,0.009100364014560582,0.10385756676557864,0.5265008935701216,4,0.03593813663804628,0,priv_bayes,0.8820009622964077
0.01631086591508755,0.748111295374977,0.008840353614144566,0.10526315789473684,0.530153198086106,4,0.03593813663804628,1,priv_bayes,0.8782592672215226
0.009302325581395347,0.7514280449603833,0.004940197607904316,0.0794979079497908,0.5212262057028321,4,0.03593813663804628,2,priv_bayes,0.8801429112537492
0.007893438579181056,0.7529635771758492,0.004160166406656267,0.07692307692307693,0.5274638207080353,4,0.03593813663804628,3,priv_bayes,0.8794877307208009
0.007887601676115356,0.7527793133099933,0.004160166406656267,0.07582938388625593,0.5232227761165131,4,0.03593813663804628,4,priv_bayes,0.8796156956686424
0.04833365815630482,0.7000798476752043,0.03224128965158606,0.09649805447470818,0.6412851664850671,0,0.1291549665014884,0,priv_bayes,0.9207231555132419
0.08361204013377926,0.6970702045328911,0.05850234009360374,0.146484375,0.6443293895808909,0,0.1291549665014884,1,priv_bayes,0.9187934440997924
0.08341056533827618,0.6962717277808489,0.05850234009360374,0.14525500322788895,0.6437835977451966,0,0.1291549665014884,2,priv_bayes,0.9201447539489983
0.05885769603097773,0.7014311160248142,0.039521580863234526,0.1152388172858226,0.6468801574740914,0,0.1291549665014884,3,priv_bayes,0.9205951905654004
0.045981452859350846,0.6967016768011793,0.03094123764950598,0.08947368421052632,0.6438930906653234,0,0.1291549665014884,4,priv_bayes,0.921485826602377
0.0,0.7637737239727289,0.0,0.0,0.6395528720224,1,0.1291549665014884,0,priv_bayes,0.9453845602612533
0.0,0.7637737239727289,0.0,0.0,0.6183170583759418,1,0.1291549665014884,1,priv_bayes,0.9449648352323331
0.0,0.7637737239727289,0.0,0.0,0.6437406808696956,1,0.1291549665014884,2,priv_bayes,0.9448778190678011
0.0,0.7637737239727289,0.0,0.0,0.6423030230417097,1,0.1291549665014884,3,priv_bayes,0.9461216383608201
0.0,0.7637737239727289,0.0,0.0,0.6262994403973988,1,0.1291549665014884,4,priv_bayes,0.9438796924746374
0.03321956769055745,0.7390209446594189,0.018980759230369213,0.13296903460837886,0.6763572030617453,2,0.1291549665014884,0,priv_bayes,0.9596449740487084
0.03235361130097972,0.7391437872366562,0.01846073842953718,0.13075506445672191,0.6772368160508486,2,0.1291549665014884,1,priv_bayes,0.9581656992516608
0.0383586083853702,0.7351514034764449,0.02236089443577743,0.13479623824451412,0.6728723423162901,2,0.1291549665014884,2,priv_bayes,0.9603155103753979
0.03734533183352081,0.7371783060008599,0.02158086323452938,0.13856427378964942,0.6742733247729588,2,0.1291549665014884,3,priv_bayes,0.9588208797846094
0.034467120181405894,0.7384681530618512,0.019760790431617263,0.1347517730496454,0.6787090373844146,2,0.1291549665014884,4,priv_bayes,0.9568502195878504
0.000517196793379881,0.7626067194889748,0.00026001040041601667,0.047619047619047616,0.6551871604417856,3,0.1291549665014884,0,priv_bayes,0.8993325348320588
0.0,0.7630366685093053,0.0,0.0,0.6572063759108466,3,0.1291549665014884,1,priv_bayes,0.8988462680302612
0.0005165289256198347,0.7622996130458817,0.00026001040041601667,0.038461538461538464,0.6579669821292249,3,0.1291549665014884,2,priv_bayes,0.8961538855276762
0.0,0.7636508813954916,0.0,0.0,0.6600983355779748,3,0.1291549665014884,3,priv_bayes,0.9002078150752947
0.0,0.7634051962410171,0.0,0.0,0.6550806471342087,3,0.1291549665014884,4,priv_bayes,0.8994502625840729
0.001551590380139643,0.7628524046434494,0.00078003120124805,0.14285714285714285,0.7271010293568155,4,0.1291549665014884,0,priv_bayes,0.9404297574808309
0.0010373443983402492,0.7634051962410171,0.0005200208008320333,0.2,0.7257439465250504,4,0.1291549665014884,1,priv_bayes,0.9400612184310474
0.0015527950310559005,0.7630366685093053,0.00078003120124805,0.16666666666666666,0.728648974668275,4,0.1291549665014884,2,priv_bayes,0.9402813181413348
0.0030872137895549268,0.7619925066027885,0.0015600624024961,0.14634146341463414,0.7278252006638368,4,0.1291549665014884,3,priv_bayes,0.9419039136799648
0.0010373443983402492,0.7634051962410171,0.0005200208008320333,0.2,0.7224482232204448,4,0.1291549665014884,4,priv_bayes,0.9400305068435655
0.010144559979710881,0.7602727105214667,0.005200208008320333,0.20618556701030927,0.7179994421328924,0,0.464158883361278,0,priv_bayes,0.9115147978665683
0.007664793050587634,0.7614397150052208,0.0039001560062402497,0.22058823529411764,0.7261440091700975,0,0.464158883361278,1,priv_bayes,0.9140945712150527
0.013602015113350126,0.7594742337694245,0.0070202808112324495,0.21774193548387097,0.7120330659627672,0,0.464158883361278,2,priv_bayes,0.9133063071363492
0.011150532184490622,0.7603341318100854,0.005720228809152366,0.22,0.7187088721988768,0,0.464158883361278,3,priv_bayes,0.9109875822814614
0.007670672462285861,0.7616239788710767,0.0039001560062402497,0.23076923076923078,0.7216306593558475,0,0.464158883361278,4,priv_bayes,0.9123951967077178
0.08617444049362057,0.7316503900251827,0.053562142485699425,0.22032085561497325,0.7044449232734087,1,0.464158883361278,0,priv_bayes,0.9293582301935853
0.08170212765957446,0.7349057183219704,0.0499219968798752,0.22482435597189696,0.7063695020659692,1,0.464158883361278,1,priv_bayes,0.9290357585250248
0.055004508566275936,0.7425219581106811,0.031721268850754034,0.20677966101694914,0.7008382120568296,1,0.464158883361278,2,priv_bayes,0.9279608529631563
0.0594679186228482,0.7416006387814016,0.034581383255330216,0.21212121212121213,0.7048229367855856,1,0.464158883361278,3,priv_bayes,0.9303358823950942
0.07762359063313096,0.7387138382163257,0.04654186167446698,0.23368146214099217,0.7073981897756008,1,0.464158883361278,4,priv_bayes,0.9289385051646653
0.025148279952550416,0.7476199250660279,0.013780551222048881,0.14363143631436315,0.6960749929796146,2,0.464158883361278,0,priv_bayes,0.9652754317537341
0.026017029328287606,0.7470671334684602,0.014300572022880915,0.14397905759162305,0.6951512712699903,2,0.464158883361278,1,priv_bayes,0.9645793024374764
0.027416686362562042,0.7472513973343161,0.015080603224128965,0.15064935064935064,0.6977970417570222,2,0.464158883361278,2,priv_bayes,0.9645025234687714
0.029377477267428308,0.7443031754806216,0.01638065522620905,0.14221218961625282,0.6949763941502574,2,0.464158883361278,3,priv_bayes,0.9644308630979802
0.03161320316132032,0.7441189116147657,0.01768070722828913,0.14912280701754385,0.6960530379397726,2,0.464158883361278,4,priv_bayes,0.9634480922985577
0.039852718215291315,0.7277194275535901,0.02392095683827353,0.11932555123216602,0.6195031114473368,3,0.464158883361278,0,priv_bayes,0.9030281625257209
0.04193138500635324,0.7221300902892943,0.02574102964118565,0.11301369863013698,0.6110990881131024,3,0.464158883361278,1,priv_bayes,0.9031510088756489
0.038144776766363235,0.7274123211104969,0.022880915236609463,0.11458333333333333,0.6099781996909149,3,0.464158883361278,2,priv_bayes,0.9030947042985984
0.0392156862745098,0.7261224740495056,0.023660946437857513,0.11446540880503145,0.6085142585438037,3,0.464158883361278,3,priv_bayes,0.9036628686670148
0.042283298097251586,0.7217615625575825,0.026001040041601663,0.11312217194570136,0.6108740175903778,3,0.464158883361278,4,priv_bayes,0.9021733566741399
0.03721604639922668,0.7552975861433573,0.02002080083203328,0.2636986301369863,0.7349154657782612,4,0.464158883361278,0,priv_bayes,0.9431374957771568
0.03465104929233773,0.7570173822246791,0.01846073842953718,0.28174603174603174,0.7334560829156126,4,0.464158883361278,1,priv_bayes,0.9405679596244997
0.04413858566682487,0.7525950494441374,0.02418096723868955,0.25271739130434784,0.7317658166720717,4,0.464158883361278,2,priv_bayes,0.941330630713635
0.035922330097087375,0.7560346416067809,0.01924076963078523,0.27007299270072993,0.7327828786653677,4,0.464158883361278,3,priv_bayes,0.9431272585813294
0.039187227866473155,0.7560346416067809,0.02106084243369735,0.28125,0.7316822306989585,4,0.464158883361278,4,priv_bayes,0.939406037898099
0.026185770750988137,0.75787728026534,0.013780551222048881,0.2623762376237624,0.7371017277361782,0,1.6681005372000592,0,priv_bayes,0.9824176161665797
0.033122260107160253,0.7561574841840182,0.01768070722828913,0.26153846153846155,0.7384294639980211,0,1.6681005372000592,1,priv_bayes,0.9814092523775888
0.02379182156133829,0.7580615441311959,0.0124804992199688,0.25396825396825395,0.7389210477948672,0,1.6681005372000592,2,priv_bayes,0.9821360932813284
0.03268292682926829,0.7564031693384927,0.017420696827873113,0.2637795275590551,0.7385078121259149,0,1.6681005372000592,3,priv_bayes,0.982381785981184
0.03553175955220248,0.7565874332043486,0.018980759230369213,0.27756653992395436,0.7404134050364026,0,1.6681005372000592,4,priv_bayes,0.9828271039996724
0.0030991735537190084,0.762913825932068,0.0015600624024961,0.23076923076923078,0.7381072267418239,1,1.6681005372000592,0,priv_bayes,0.9767769212657269
0.012738853503184712,0.7619925066027885,0.006500260010400416,0.31645569620253167,0.7388462752020335,1,1.6681005372000592,1,priv_bayes,0.9766284819262309
0.008203024865419123,0.7623610343345003,0.004160166406656267,0.2909090909090909,0.736765188339741,1,1.6681005372000592,2,priv_bayes,0.9757890318683905
0.008205128205128205,0.7624224556231189,0.004160166406656267,0.2962962962962963,0.7389550049231564,1,1.6681005372000592,3,priv_bayes,0.975092902552133
0.012742099898063198,0.7620539278914071,0.006500260010400416,0.32051282051282054,0.7391445814648027,1,1.6681005372000592,4,priv_bayes,0.9771096301301148
0.0030991735537190084,0.762913825932068,0.0015600624024961,0.23076923076923078,0.7379179115696997,2,1.6681005372000592,0,priv_bayes,0.97321437711782
0.0015564202334630351,0.763589460106873,0.00078003120124805,0.3333333333333333,0.7356226480663569,2,1.6681005372000592,1,priv_bayes,0.9730198703971009
0.0005194805194805196,0.7636508813954916,0.00026001040041601667,0.25,0.7362444566138093,2,1.6681005372000592,2,priv_bayes,0.9730966493658056
0.0025886616619207868,0.7633437749523985,0.0013000520020800832,0.29411764705882354,0.737165522809091,2,1.6681005372000592,3,priv_bayes,0.9742432152984656
0.0,0.7636508813954916,0.0,0.0,0.7332937619877131,2,1.6681005372000592,4,priv_bayes,0.9742329781026381
0.0010389610389610392,0.7637737239727289,0.0005200208008320333,0.5,0.7396716592427267,3,1.6681005372000592,0,priv_bayes,0.9710236172107738
0.0,0.7637123026841103,0.0,0.0,0.7385451356936465,3,1.6681005372000592,1,priv_bayes,0.972702517326454
0.0020720020720020726,0.7633437749523985,0.0010400416016640667,0.26666666666666666,0.7403914081774369,3,1.6681005372000592,2,priv_bayes,0.9704759272340121
0.0025886616619207868,0.7633437749523985,0.0013000520020800832,0.29411764705882354,0.7403651248583116,3,1.6681005372000592,3,priv_bayes,0.9720268624018509
0.0010389610389610392,0.7637737239727289,0.0005200208008320333,0.5,0.7391871742420963,3,1.6681005372000592,4,priv_bayes,0.9716429675583264
0.001551590380139643,0.7628524046434494,0.00078003120124805,0.14285714285714285,0.7165572678395676,4,1.6681005372000592,0,priv_bayes,0.9854990121106026
0.0005180005180005181,0.7629752472206867,0.00026001040041601667,0.06666666666666667,0.7101077553355452,4,1.6681005372000592,1,priv_bayes,0.9854631819252072
0.0015491866769945782,0.7624838769117376,0.00078003120124805,0.1111111111111111,0.7162703468331737,4,1.6681005372000592,2,priv_bayes,0.9861132438602418
0.004106776180698152,0.7616854001596953,0.0020800832033281333,0.16,0.719665976023842,4,1.6681005372000592,3,priv_bayes,0.9843575647758566
0.0020725388601036273,0.7634051962410171,0.0010400416016640667,0.2857142857142857,0.7210392114920625,4,1.6681005372000592,4,priv_bayes,0.9853710471627611
0.019129121570601558,0.7606412382531785,0.009880395215808632,0.2992125984251969,0.7339958527975217,0,5.994842503189409,0,priv_bayes,0.9875720442656348
0.01867743563856638,0.7611940298507462,0.009620384815392615,0.31896551724137934,0.735539469829698,0,5.994842503189409,1,priv_bayes,0.988606001044194
0.015704154002026342,0.7613168724279835,0.008060322412896516,0.30392156862745096,0.7317092353979644,0,5.994842503189409,2,priv_bayes,0.9874082491323977
0.009197751660705161,0.7618082427369326,0.0046801872074883,0.2647058823529412,0.7325795749964297,0,5.994842503189409,3,priv_bayes,0.9878228555634041
0.014224028448056895,0.7616239788710767,0.007280291211648466,0.3076923076923077,0.73397819467262,0,5.994842503189409,4,priv_bayes,0.9877665509863539
0.05168700646087581,0.7565874332043486,0.028081123244929798,0.32432432432432434,0.7382844561872544,1,5.994842503189409,0,priv_bayes,0.9916976341840443
0.03482099068170672,0.7582458079970518,0.01846073842953718,0.30603448275862066,0.7390881570124084,1,5.994842503189409,1,priv_bayes,0.9920098686567775
0.05357569959339871,0.7569559609360604,0.029121164846593862,0.33432835820895523,0.7379368451778683,1,5.994842503189409,2,priv_bayes,0.9902695453661332
0.038957876795714635,0.7575701738222468,0.02080083203328133,0.3065134099616858,0.7387445501840982,1,5.994842503189409,3,priv_bayes,0.9918102433381447
0.051662281750777334,0.7564645906271114,0.028081123244929798,0.32238805970149254,0.7381118582097526,1,5.994842503189409,4,priv_bayes,0.9916208552153395
0.006152268649064342,0.7618696640255512,0.0031201248049922,0.21818181818181817,0.7246134083401133,2,5.994842503189409,0,priv_bayes,0.9820286027251415
0.010689742937134131,0.7612554511393649,0.00546021840873635,0.25301204819277107,0.7260902193224842,2,5.994842503189409,1,priv_bayes,0.9813938965838477
0.007662835249042145,0.7613782937166022,0.0039001560062402497,0.21739130434782608,0.726232247520701,2,5.994842503189409,2,priv_bayes,0.9820183655293141
0.005655526992287918,0.7624224556231189,0.002860114404576183,0.25,0.7230478049037523,2,5.994842503189409,3,priv_bayes,0.981496268542121
0.007686395080707148,0.7621153491800258,0.0039001560062402497,0.2631578947368421,0.7279304384881466,2,5.994842503189409,4,priv_bayes,0.9830881524932691
0.05356288857006217,0.7568945396474418,0.029121164846593862,0.3333333333333333,0.7403622184292278,3,5.994842503189409,0,priv_bayes,0.9911704185989375
0.060992907801418444,0.7560346416067809,0.033541341653666144,0.3359375,0.7382183401529869,3,5.994842503189409,1,priv_bayes,0.992378407706561
0.03608875883930748,0.757201646090535,0.01924076963078523,0.2901960784313726,0.7385089621518114,3,5.994842503189409,2,priv_bayes,0.9922709171503742
0.06466839745102666,0.7565874332043486,0.03562142485699428,0.35038363171355497,0.740243682123642,3,5.994842503189409,3,priv_bayes,0.990499882272248
0.061407652338214457,0.7559117990295436,0.03380135205408216,0.33505154639175255,0.7397218526457183,3,5.994842503189409,4,priv_bayes,0.9914826530716706
0.014750762970498474,0.7620539278914071,0.0075403016120644826,0.3372093023255814,0.7376295687131065,4,5.994842503189409,0,priv_bayes,0.9906841517971396
0.008203024865419123,0.7623610343345003,0.004160166406656267,0.2909090909090909,0.7356037040034074,4,5.994842503189409,1,priv_bayes,0.9912420789697287
0.016742770167427704,0.7619310853141699,0.00858034321372855,0.34375,0.7385448847789053,4,5.994842503189409,2,priv_bayes,0.988831219352395
0.01324166030048383,0.7619925066027885,0.006760270410816433,0.32098765432098764,0.7370571694600796,4,5.994842503189409,3,priv_bayes,0.9897167367914581
0.0031047865459249676,0.7633437749523985,0.0015600624024961,0.3157894736842105,0.7372873210063103,4,5.994842503189409,4,priv_bayes,0.9906227286221757
0.006682086867129273,0.7626067194889748,0.0033801352054082163,0.28888888888888886,0.7376627521876107,0,21.544346900318846,0,priv_bayes,0.9922709171503742
0.01174068402246044,0.7621767704686444,0.005980239209568383,0.3194444444444444,0.7377741165135147,0,21.544346900318846,1,priv_bayes,0.9911704185989375
0.009731113956466069,0.7624838769117376,0.004940197607904316,0.3220338983050847,0.7373753711708582,0,21.544346900318846,2,priv_bayes,0.9920866476254825
0.012244897959183675,0.7621767704686444,0.0062402496099844,0.32432432432432434,0.7386729558446512,0,21.544346900318846,3,priv_bayes,0.9917846503485767
0.0031039834454216243,0.7632823536637798,0.0015600624024961,0.3,0.7367903634520934,0,21.544346900318846,4,priv_bayes,0.9923681705107338
0.06755805770584096,0.755850377740925,0.0374414976599064,0.34532374100719426,0.7380642053185144,1,21.544346900318846,0,priv_bayes,0.9933458227122428
0.052669379937754376,0.7569559609360604,0.02860114404576183,0.3323262839879154,0.738829965743865,1,21.544346900318846,1,priv_bayes,0.9916310924111666
0.05441527446300716,0.7566488544929673,0.029641185647425898,0.3313953488372093,0.7370534266485256,1,21.544346900318846,2,priv_bayes,0.9927930141375675
0.08193325661680093,0.7549904797002641,0.04628185127405096,0.35671342685370744,0.739161319568987,1,21.544346900318846,3,priv_bayes,0.9931666717852646
0.07129455909943713,0.7567716970702045,0.039521580863234526,0.36363636363636365,0.7386404623856848,1,21.544346900318846,4,priv_bayes,0.994425846872025
0.08254553839059257,0.7556046925864505,0.04654186167446698,0.3645621181262729,0.7383012465653431,2,21.544346900318846,0,priv_bayes,0.9936785315766304
0.07104210773935545,0.7574473312450095,0.039261570462818515,0.3728395061728395,0.7386262857028153,2,21.544346900318846,1,priv_bayes,0.9927725397459128
0.05682903533906399,0.7573859099563909,0.03094123764950598,0.347953216374269,0.7386076134641686,2,21.544346900318846,2,priv_bayes,0.9936785315766307
0.05998571768626518,0.7574473312450095,0.0327613104524181,0.35492957746478876,0.7387456165717476,2,21.544346900318846,3,priv_bayes,0.9916771597923898
0.05834914611005692,0.7561574841840182,0.031981279251170044,0.3324324324324324,0.7391557994446839,2,21.544346900318846,4,priv_bayes,0.994210865759651
0.06390532544378698,0.7570788035132977,0.035101404056162244,0.3562005277044855,0.7388929767082119,3,21.544346900318846,0,priv_bayes,0.9940777822138959
0.07289719626168224,0.7562803267612555,0.0405616224648986,0.35944700460829493,0.7392652819100299,3,21.544346900318846,1,priv_bayes,0.9892151141959195
0.08365892898184325,0.7551133222775014,0.047321892875715026,0.3603960396039604,0.7391918266195867,3,21.544346900318846,2,priv_bayes,0.9937041245661989
0.07511080009330534,0.7564645906271114,0.04186167446697868,0.36507936507936506,0.7392734157295524,3,21.544346900318846,3,priv_bayes,0.9907865237554129
0.06649375147370902,0.7568331183588232,0.036661466458658344,0.3569620253164557,0.7400541160367766,3,21.544346900318846,4,priv_bayes,0.9932997553310196
0.08204655450564646,0.7553590074319759,0.04628185127405096,0.36105476673427994,0.7392451460020604,4,21.544346900318846,0,priv_bayes,0.9947431999426718
0.05637840420449116,0.7573859099563909,0.030681227249089962,0.34705882352941175,0.7375661918314287,4,21.544346900318846,1,priv_bayes,0.9948814020863405
0.058473971951509385,0.7567102757815859,0.031981279251170044,0.3407202216066482,0.7385756427442461,4,21.544346900318846,2,priv_bayes,0.9933099925268473
0.05144230769230769,0.7576315951108654,0.02782111284451378,0.34076433121019106,0.7388806400667769,4,21.544346900318846,3,priv_bayes,0.9943132377179243
0.08339092375028796,0.7556046925864505,0.047061882475299015,0.3656565656565657,0.7382142836980066,4,21.544346900318846,4,priv_bayes,0.9930028766520276
0.00668724279835391,0.7627909833548308,0.0033801352054082163,0.30952380952380953,0.73769719023582,0,77.42636826811278,0,priv_bayes,0.9924295936856975
0.009723643807574206,0.7622996130458817,0.004940197607904316,0.3064516129032258,0.7377544615254654,0,77.42636826811278,1,priv_bayes,0.9936222269995802
0.004118404118404119,0.7623610343345003,0.0020800832033281333,0.20512820512820512,0.735007007839622,0,77.42636826811278,2,priv_bayes,0.9928186071271358
0.009221311475409836,0.7624224556231189,0.0046801872074883,0.3103448275862069,0.7369980790385616,0,77.42636826811278,3,priv_bayes,0.9939907660493636
0.012238653748087712,0.7620539278914071,0.0062402496099844,0.3157894736842105,0.7384250520804909,0,77.42636826811278,4,priv_bayes,0.9939498172660546
0.01425661914460285,0.7621767704686444,0.007280291211648466,0.34146341463414637,0.7364442892954963,1,77.42636826811278,0,priv_bayes,0.9940368334305867
0.005654073502955537,0.7623610343345003,0.002860114404576183,0.24444444444444444,0.73451261170672,1,77.42636826811278,1,priv_bayes,0.992844200116704
0.014249363867684477,0.7620539278914071,0.007280291211648466,0.3333333333333333,0.7367002850600554,1,77.42636826811278,2,priv_bayes,0.9942108657596512
0.01323491982692797,0.7618696640255512,0.006760270410816433,0.3132530120481928,0.7348628155017636,1,77.42636826811278,3,priv_bayes,0.9931461973936101
0.014750762970498474,0.7620539278914071,0.0075403016120644826,0.3372093023255814,0.7364569082160151,1,77.42636826811278,4,priv_bayes,0.992813488529222
0.0680911011974642,0.7562189054726368,0.037701508060322415,0.35108958837772397,0.7381658362434216,2,77.42636826811278,0,priv_bayes,0.9941033752034643
0.0567342073897497,0.7569559609360604,0.03094123764950598,0.34097421203438394,0.740151721871046,2,77.42636826811278,1,priv_bayes,0.9939344614723135
0.06338694418164616,0.7567716970702045,0.034841393655746226,0.3507853403141361,0.7386516385464426,2,77.42636826811278,2,priv_bayes,0.9947329627468443
0.07466168922071861,0.7564031693384927,0.04160166406656266,0.36363636363636365,0.7384158936924425,2,77.42636826811278,3,priv_bayes,0.9941596797805147
0.05926979611190137,0.7562803267612555,0.03250130005200208,0.33602150537634407,0.7380840903117427,2,77.42636826811278,4,priv_bayes,0.993944698668141
0.014242115971515767,0.7619310853141699,0.007280291211648466,0.32558139534883723,0.7355066940916479,3,77.42636826811278,0,priv_bayes,0.9939958846472775
0.006166495375128469,0.7624224556231189,0.0031201248049922,0.2608695652173913,0.7350665791810602,3,77.42636826811278,1,priv_bayes,0.9942057471617374
0.009211873080859774,0.7621767704686444,0.0046801872074883,0.2903225806451613,0.735071890209746,3,77.42636826811278,2,priv_bayes,0.9944975072428162
0.008702329152802661,0.7621153491800258,0.004420176807072283,0.2786885245901639,0.7352303428687208,3,77.42636826811278,3,priv_bayes,0.993535210835048
0.006166495375128469,0.7624224556231189,0.0031201248049922,0.2608695652173913,0.7344224601312159,3,77.42636826811278,4,priv_bayes,0.9935556852267027
0.05678835600095443,0.757201646090535,0.03094123764950598,0.34492753623188405,0.7402539905375869,4,77.42636826811278,0,priv_bayes,0.9944770328511615
0.06916019760056458,0.7569559609360604,0.038221528861154444,0.362962962962963,0.7398755274698323,4,77.42636826811278,1,priv_bayes,0.9929824022603729
0.05271986580397796,0.757201646090535,0.02860114404576183,0.3363914373088685,0.7391548585144049,4,77.42636826811278,2,priv_bayes,0.9932536879497968
0.056707171789373366,0.7568331183588232,0.03094123764950598,0.33903133903133903,0.7381125273157287,4,77.42636826811278,3,priv_bayes,0.9943951352845429
0.06971267074894018,0.7573859099563909,0.03848153926157046,0.37,0.738122302535849,4,77.42636826811278,4,priv_bayes,0.9934072458872065
0.0077002053388090345,0.7625452982003562,0.0039001560062402497,0.3,0.7337780901666304,0,278.2559402207126,0,priv_bayes,0.9933918900934656
0.009204806954743032,0.7619925066027885,0.0046801872074883,0.27692307692307694,0.7345792191156887,0,278.2559402207126,1,priv_bayes,0.9929568092708047
0.011233086545825886,0.7621153491800258,0.005720228809152366,0.30985915492957744,0.7365307503333507,0,278.2559402207126,2,priv_bayes,0.993294636733106
0.008203024865419123,0.7623610343345003,0.004160166406656267,0.2909090909090909,0.7349928938854378,0,278.2559402207126,3,priv_bayes,0.9942825261304424
0.007694280584765323,0.7623610343345003,0.0039001560062402497,0.2830188679245283,0.7356649899289096,0,278.2559402207126,4,priv_bayes,0.9932434507539695
0.0077002053388090345,0.7625452982003562,0.0039001560062402497,0.3,0.7360269030785357,1,278.2559402207126,0,priv_bayes,0.9928800303020998
0.014735772357723578,0.7618082427369326,0.0075403016120644826,0.32222222222222224,0.735567216818146,1,278.2559402207126,1,priv_bayes,0.9942159843575648
0.009723643807574206,0.7622996130458817,0.004940197607904316,0.3064516129032258,0.7368952249042917,1,278.2559402207126,2,priv_bayes,0.9937143617620262
0.010733452593917711,0.762238191757263,0.00546021840873635,0.31343283582089554,0.7353847181631535,1,278.2559402207126,3,priv_bayes,0.9940931380076369
0.004628439187451787,0.762238191757263,0.00234009360374415,0.20930232558139536,0.7336038716980926,1,278.2559402207126,4,priv_bayes,0.9940112404410186
0.012232415902140675,0.7619310853141699,0.0062402496099844,0.3076923076923077,0.7358722873241427,2,278.2559402207126,0,priv_bayes,0.9940624264201549
0.004628439187451787,0.762238191757263,0.00234009360374415,0.20930232558139536,0.7341628470124731,2,278.2559402207126,1,priv_bayes,0.9942722889346151
0.008706786171574905,0.762238191757263,0.004420176807072283,0.288135593220339,0.7351643732013856,2,278.2559402207126,2,priv_bayes,0.9936785315766307
0.010733452593917711,0.762238191757263,0.00546021840873635,0.31343283582089554,0.736155277332927,2,278.2559402207126,3,priv_bayes,0.9931154858061279
0.009214230867673406,0.762238191757263,0.0046801872074883,0.29508196721311475,0.7353640490613593,2,278.2559402207126,4,priv_bayes,0.9939139870806589
0.005654073502955537,0.7623610343345003,0.002860114404576183,0.24444444444444444,0.735594211062371,3,278.2559402207126,0,priv_bayes,0.9919279710901591
0.01923076923076923,0.7619310853141699,0.009880395215808632,0.3584905660377358,0.7343918903519309,3,278.2559402207126,1,priv_bayes,0.9923886449023884
0.0077002053388090345,0.7625452982003562,0.0039001560062402497,0.3,0.7361442370843205,3,278.2559402207126,2,priv_bayes,0.993309992526847
0.003611971104231166,0.7627909833548308,0.0018200728029121164,0.23333333333333334,0.7331205262685778,3,278.2559402207126,3,priv_bayes,0.9947483185405853
0.018241702558905497,0.7619925066027885,0.0093603744149766,0.3564356435643564,0.734480348252933,3,278.2559402207126,4,priv_bayes,0.9929619278687184
0.006671798819604825,0.762238191757263,0.0033801352054082163,0.2549019607843137,0.7354088268878564,4,278.2559402207126,0,priv_bayes,0.9935505666287888
0.006168080185042406,0.7624838769117376,0.0031201248049922,0.26666666666666666,0.7372852718692584,4,278.2559402207126,1,priv_bayes,0.99335605990807
0.006166495375128469,0.7624224556231189,0.0031201248049922,0.2608695652173913,0.736317200979153,4,278.2559402207126,2,priv_bayes,0.9925780330251938
0.007694280584765323,0.7623610343345003,0.0039001560062402497,0.2830188679245283,0.7363887744090383,4,278.2559402207126,3,priv_bayes,0.9930028766520275
0.00463082068433239,0.7623610343345003,0.00234009360374415,0.21951219512195122,0.7360435157253495,4,278.2559402207126,4,priv_bayes,0.9941033752034643
0.009731113956466069,0.7624838769117376,0.004940197607904316,0.3220338983050847,0.72771952373873,0,1000.0,0,priv_bayes,0.9920610546359141
0.012238653748087712,0.7620539278914071,0.0062402496099844,0.3157894736842105,0.7321178500537691,0,1000.0,1,priv_bayes,0.9938423267098676
0.00869120654396728,0.7618082427369326,0.004420176807072283,0.25757575757575757,0.7315370451569169,0,1000.0,2,priv_bayes,0.9929209790854089
0.013740458015267175,0.7619310853141699,0.0070202808112324495,0.32142857142857145,0.7323743058286867,0,1000.0,3,priv_bayes,0.9922043753774967
0.0201765447667087,0.7613782937166022,0.010400416016640665,0.33613445378151263,0.733588691356259,0,1000.0,4,priv_bayes,0.9933509413101563
0.012742099898063198,0.7620539278914071,0.006500260010400416,0.32051282051282054,0.7360270076263444,1,1000.0,0,priv_bayes,0.9942006285638239
0.012235534030079022,0.7619925066027885,0.0062402496099844,0.3116883116883117,0.7357850108133799,1,1000.0,1,priv_bayes,0.9933202297226744
0.007698229407236335,0.7624838769117376,0.0039001560062402497,0.29411764705882354,0.734798246775066,1,1000.0,2,priv_bayes,0.994210865759651
0.005654073502955537,0.7623610343345003,0.002860114404576183,0.24444444444444444,0.7350000031364343,1,1000.0,3,priv_bayes,0.9937655477411628
0.009221311475409836,0.7624224556231189,0.0046801872074883,0.3103448275862069,0.7370419054799988,1,1000.0,4,priv_bayes,0.9939651730597955
0.009723643807574206,0.7622996130458817,0.004940197607904316,0.3064516129032258,0.7376138865417905,2,1000.0,0,priv_bayes,0.9935812782162711
0.013740458015267175,0.7619310853141699,0.0070202808112324495,0.32142857142857145,0.7345957794885981,2,1000.0,1,priv_bayes,0.9906380844159169
0.012235534030079022,0.7619925066027885,0.0062402496099844,0.3116883116883117,0.735269140560556,2,1000.0,2,priv_bayes,0.993478906257998
0.011235955056179775,0.7621767704686444,0.005720228809152366,0.3142857142857143,0.7360101649743513,2,1000.0,3,priv_bayes,0.9946510651802258
0.016738523966522954,0.7618696640255512,0.00858034321372855,0.3402061855670103,0.7352402958201159,2,1000.0,4,priv_bayes,0.9939037498848315
0.014735772357723578,0.7618082427369326,0.0075403016120644826,0.32222222222222224,0.7345035474116994,3,1000.0,0,priv_bayes,0.993729717555767
0.016264294790343078,0.762238191757263,0.008320332813312533,0.3595505617977528,0.7380539909975974,3,1000.0,1,priv_bayes,0.9951066203945415
0.018724696356275303,0.7618082427369326,0.009620384815392615,0.3490566037735849,0.7367923080413366,3,1000.0,2,priv_bayes,0.9936682943808033
0.009731113956466069,0.7624838769117376,0.004940197607904316,0.3220338983050847,0.7368648014919391,3,1000.0,3,priv_bayes,0.9937911407307309
0.025144581342720643,0.7618696640255512,0.013000520020800831,0.3816793893129771,0.7373926006497437,3,1000.0,4,priv_bayes,0.9937706663390764
0.012738853503184712,0.7619925066027885,0.006500260010400416,0.31645569620253167,0.7337601602174261,4,1000.0,0,priv_bayes,0.9941033752034644
0.02604557976458803,0.7611326085621276,0.013520540821632865,0.35374149659863946,0.7357502382121823,4,1000.0,1,priv_bayes,0.9932895181351924
0.007692307692307693,0.7622996130458817,0.0039001560062402497,0.2777777777777778,0.7364472166341418,4,1000.0,2,priv_bayes,0.9925063726544026
0.009721156305960604,0.762238191757263,0.004940197607904316,0.30158730158730157,0.7329240809358952,4,1000.0,3,priv_bayes,0.9936938873703717
0.005145356315924878,0.7624838769117376,0.0026001040041601664,0.24390243902439024,0.737154357103114,4,1000.0,4,priv_bayes,0.9939498172660545
0.022763487366264507,0.736318407960199,0.013000520020800831,0.09140767824497258,0.4615406562382319,0,0.01,0,synth_pop,0.6199748164982647
0.021897810218978103,0.7366255144032922,0.0124804992199688,0.08921933085501858,0.4600432807018755,0,0.01,1,synth_pop,0.6209422315039465
0.022716946842344387,0.7357656163626313,0.013000520020800831,0.08992805755395683,0.4590749170779055,0,0.01,2,synth_pop,0.620302406764739
0.02271178741766977,0.7357041950740126,0.013000520020800831,0.08976660682226212,0.46181663108904736,0,0.01,3,synth_pop,0.6181321212493474
0.022287923584261994,0.7359498802284872,0.012740509620384815,0.08892921960072596,0.4622160141733373,0,0.01,4,synth_pop,0.618843606359346
0.38387484957882073,0.24525520545421042,0.9953198127925117,0.23779351472232577,0.33245838317650117,1,0.01,0,synth_pop,0.5183348177267283
0.38395989974937345,0.24513236287697315,0.9958398335933437,0.23782911077993046,0.3390834105418902,1,0.01,1,synth_pop,0.5194199604844241
0.38425323049183613,0.2448866777224986,0.9973998959958398,0.2379652605459057,0.3367422714600582,1,0.01,2,synth_pop,0.5162566669737826
0.38392321535692864,0.24304403906393957,0.9984399375975039,0.2376531748978834,0.341172286215936,1,0.01,3,synth_pop,0.5190923702179499
0.3842339860770271,0.24482525643387998,0.9973998959958398,0.23795049934867565,0.34302078556805315,1,0.01,4,synth_pop,0.5176898743896071
0.44051910598413846,0.5233708003193906,0.7943317732709309,0.3047685554668795,0.5727888504362049,2,0.01,0,synth_pop,0.6591781579189828
0.4409460243760882,0.526687549904797,0.7901716068642746,0.3057959347957335,0.5752891949212348,2,0.01,1,synth_pop,0.659490392391716
0.43945538818076474,0.5245992260917635,0.7888715548621945,0.30455731780766915,0.5691422333210177,2,0.01,2,synth_pop,0.6599152360185497
0.43897154412826805,0.5228794300104416,0.7901716068642746,0.3039,0.564395835986234,2,0.01,3,synth_pop,0.6597360850915718
0.439511172174416,0.5239235919169584,0.7901716068642746,0.3044175097666032,0.5686371942211825,2,0.01,4,synth_pop,0.6600943869455279
0.13654209684455432,0.27056077636508813,0.24414976599063962,0.09477190149374243,0.2730068326174945,3,0.01,0,synth_pop,0.5046425683076892
0.13961155307102413,0.2626374301332842,0.2532501300052002,0.09636885327001088,0.2737250760637583,3,0.01,1,synth_pop,0.50261560353388
0.13879310344827586,0.263681592039801,0.25117004680187205,0.0958904109589041,0.2731524886246756,3,0.01,2,synth_pop,0.5054257137884791
0.14053667262969588,0.2622689024015724,0.25533021320852833,0.09694935334188963,0.2735682020766959,3,0.01,3,synth_pop,0.5027793986671171
0.13778675515798589,0.2658927584300719,0.2483099323972959,0.09534744408945688,0.27281328325911486,3,0.01,4,synth_pop,0.5034652907875474
0.44609665427509293,0.48750076776610773,0.8736349453978159,0.2995186307719736,0.7331133229245534,4,0.01,0,synth_pop,0.5641053202706715
0.4460670428144706,0.4874393464774891,0.8736349453978159,0.29949193332739105,0.7347108761712753,4,0.01,1,synth_pop,0.5634962071189461
0.44602310450139426,0.48750076776610773,0.8733749349973999,0.2994828815977175,0.7335449380982879,4,0.01,2,synth_pop,0.5645199267016779
0.4459477384268471,0.4868865548799214,0.874154966198648,0.29932336182336183,0.7330556125341113,4,0.01,3,synth_pop,0.5633733607690181
0.4456665783196396,0.48614949941649777,0.874414976599064,0.29903965854526054,0.7343372641218475,4,0.01,4,synth_pop,0.5634245467481548
0.2994625878462175,0.47957742153430377,0.4708788351534061,0.21954176263789552,0.456571132969967,0,0.03593813663804628,0,synth_pop,0.6122764452361209
0.29402756508422667,0.49032614704256494,0.44929797191887677,0.21851289833080426,0.46122724281709504,0,0.03593813663804628,1,synth_pop,0.6123736985964804
0.29792366675282156,0.4994779190467416,0.4495579823192928,0.22278056951423786,0.46703178943402207,0,0.03593813663804628,2,synth_pop,0.610351852420585
0.30556761921306347,0.5089367974940114,0.4573582943317733,0.22942480761706013,0.4743240722793367,0,0.03593813663804628,3,synth_pop,0.6112220140659071
0.30760013693940436,0.5031017750752411,0.4672386895475819,0.22926767032406226,0.47315355501232514,0,0.03593813663804628,4,synth_pop,0.6122406150507254
0.06863586223801936,0.533259627786991,0.07280291211648465,0.06492000927428704,0.33814742537429676,1,0.03593813663804628,0,synth_pop,0.6716931298178803
0.0642768850432633,0.5350408451569314,0.06760270410816432,0.061262959472196045,0.34368276138363585,1,0.03593813663804628,1,synth_pop,0.6717647901886715
0.06046221111805122,0.5380504882992445,0.06292251690067603,0.05818706419812455,0.33848565844523615,1,0.03593813663804628,2,synth_pop,0.6717699087865853
0.07605118829981718,0.5343652109821264,0.0811232449297972,0.07157604955264969,0.3250217302620532,1,0.03593813663804628,3,synth_pop,0.6719695341052178
0.05596873818227657,0.5400159695350408,0.057722308892355696,0.054318571079031076,0.3393884810478869,1,0.03593813663804628,4,synth_pop,0.670510733699825
0.5088085497202972,0.638658559056569,0.7922516900676027,0.37473865453203786,0.6406338859103219,2,0.03593813663804628,0,synth_pop,0.654515115219639
0.5097544567776656,0.6419138873533566,0.7880915236609465,0.37670892368878944,0.640875830449382,2,0.03593813663804628,1,synth_pop,0.656378284860211
0.5093959731543625,0.6408083041582212,0.7893915756630265,0.3760217983651226,0.6409153704306596,2,0.03593813663804628,2,synth_pop,0.6558766622646726
0.5074280023238442,0.6354646520484,0.7948517940717629,0.37266853590149945,0.6406817583519585,2,0.03593813663804628,3,synth_pop,0.6532047541537422
0.5074181516784086,0.6349732817394509,0.7958918356734269,0.37242973597761286,0.6414518888757159,2,0.03593813663804628,4,synth_pop,0.6554364628440977
0.0486198243412798,0.6274184632393588,0.04030161206448258,0.06126482213438735,0.45472597914773044,3,0.03593813663804628,0,synth_pop,0.7400980723360258
0.041253345929774844,0.6260057736011302,0.03406136245449818,0.05229540918163673,0.45740154576026226,3,0.03593813663804628,1,synth_pop,0.7390282853720708
0.04591194968553459,0.6272956206621215,0.037961518460738426,0.05807478122513922,0.45665177069487284,3,0.03593813663804628,2,synth_pop,0.7399393958007022
0.04152902312411515,0.6257600884466556,0.0343213728549142,0.052568697729988054,0.4601385237556667,3,0.03593813663804628,3,synth_pop,0.7392176734948763
0.043355325164938736,0.6259443523125116,0.0358814352574103,0.05476190476190476,0.4595783565962662,3,0.03593813663804628,4,synth_pop,0.738516425580705
0.4663125948406677,0.5679626558565198,0.7990119604784192,0.3292264838225841,0.6620997779195446,4,0.03593813663804628,0,synth_pop,0.7004289385051646
0.4663958924055483,0.5723235673484429,0.7912116484659386,0.3306530479191568,0.6544049755556768,4,0.03593813663804628,1,synth_pop,0.7026452914017792
0.46750875057068936,0.5701738222467907,0.7987519500780031,0.3304647160068847,0.6634141738809882,4,0.03593813663804628,2,synth_pop,0.7009868656777535
0.4673081294037428,0.5681469197223757,0.8018720748829953,0.3297337752592751,0.6619245139729192,4,0.03593813663804628,3,synth_pop,0.7012991001504868
0.47098453529321693,0.5755788956452307,0.7997919916796672,0.3337673611111111,0.6658732010719914,4,0.03593813663804628,4,synth_pop,0.7016369276127884
0.1147914032869785,0.5699281370923162,0.11804472178887156,0.11171259842519685,0.3130403631907238,0,0.1291549665014884,0,synth_pop,0.7197516456292292
0.11794165518968325,0.5672870216817149,0.12246489859594384,0.11374064235691862,0.31555831352675096,0,0.1291549665014884,1,synth_pop,0.7202327938331132
0.11615336266499057,0.5681469197223757,0.12012480499219969,0.11243611584327087,0.31767147565677456,0,0.1291549665014884,2,synth_pop,0.7188610095922524
0.11354153496017197,0.5693753454947484,0.11674466978679147,0.11050947575682993,0.3164168601323868,0,0.1291549665014884,3,synth_pop,0.7191322952816764
0.11617112031112783,0.5672870216817149,0.12038481539261571,0.11224242424242424,0.3183971001783376,0,0.1291549665014884,4,synth_pop,0.7186153168923969
0.05140126565930518,0.5488606350961244,0.051742069682787314,0.051064921734667694,0.39968446425834514,1,0.1291549665014884,0,synth_pop,0.7405638647461688
0.05247036889066454,0.5629875314784104,0.05122204888195528,0.05378105378105378,0.41755889857628886,1,0.1291549665014884,1,synth_pop,0.7396629915133647
0.052008238928939236,0.5476936306123702,0.05252210088403536,0.051504334523202445,0.3984760588654346,1,0.1291549665014884,2,synth_pop,0.7401594955109897
0.052421500798296966,0.56255758245808,0.05122204888195528,0.05367847411444142,0.41699799958222694,1,0.1291549665014884,3,synth_pop,0.7392279106907035
0.051592931768347734,0.5483692647871752,0.052002080083203325,0.051190171487074485,0.40132954493893463,1,0.1291549665014884,4,synth_pop,0.7417104306788285
0.48448610213316096,0.6081321786131073,0.7795111804472179,0.3514654161781946,0.6119550105687379,2,0.1291549665014884,0,synth_pop,0.7450682309101891
0.4711111111111111,0.5906885326454149,0.7717108684347374,0.3390450079963445,0.6109099924913763,2,0.1291549665014884,1,synth_pop,0.7459076809680293
0.484251332579551,0.6077636508813955,0.7795111804472179,0.35121836925960637,0.6112447441202835,2,0.1291549665014884,2,synth_pop,0.7461738480595396
0.4803735359290915,0.5967078189300411,0.7891315652626105,0.3452787258248009,0.6153995576791307,2,0.1291549665014884,3,synth_pop,0.7458667321847199
0.48634632525727245,0.6106504514464713,0.7802912116484659,0.35326662742789877,0.611535962041618,2,0.1291549665014884,4,synth_pop,0.7426983200761649
0.16073594824100282,0.4900804618880904,0.20670826833073322,0.13149189546807807,0.43563274738468427,3,0.1291549665014884,0,synth_pop,0.7162146944708905
0.1587237069403516,0.491493151526319,0.20306812272490898,0.13027522935779817,0.4327365744408627,3,0.1291549665014884,1,synth_pop,0.7154622605775826
0.15502450980392157,0.4918002579694122,0.19734789391575663,0.12764883955600403,0.4334143578851316,3,0.1291549665014884,2,synth_pop,0.7169261795808892
0.16571256402530884,0.4897733554449972,0.21450858034321374,0.13500245459008345,0.4373401594688636,3,0.1291549665014884,3,synth_pop,0.715487853567151
0.16064744562468386,0.4903875683311836,0.2064482579303172,0.13147872164265606,0.4361715972458762,3,0.1291549665014884,4,synth_pop,0.7157079532774383
0.25424442261821245,0.6735458509919539,0.23556942277691106,0.2761353245961597,0.650295514836275,4,0.1291549665014884,0,synth_pop,0.783928626270692
0.256980136130018,0.6714575271789203,0.24050962038481538,0.275872353116612,0.6463391957471625,4,0.1291549665014884,1,synth_pop,0.7844148930724896
0.25722222222222224,0.6715189484675389,0.24076963078523142,0.2760882528324389,0.6457774812801921,4,0.1291549665014884,2,synth_pop,0.785070073605438
0.2564531882238036,0.672685952951293,0.2389495579823193,0.2767238783498946,0.6475477056878818,4,0.1291549665014884,3,synth_pop,0.7838876774873826
0.25736520289049475,0.6717646336220134,0.24076963078523142,0.2764179104477612,0.6486359020102661,4,0.1291549665014884,4,synth_pop,0.784829499503496
0.0030737704918032786,0.7609483446962717,0.0015600624024961,0.10344827586206896,0.7123305985717514,0,0.464158883361278,0,synth_pop,0.8999365293858707
0.002577319587628866,0.7622996130458817,0.0013000520020800832,0.14705882352941177,0.7104252252116623,0,0.464158883361278,1,synth_pop,0.9006121843104737
0.0025786487880350697,0.7624224556231189,0.0013000520020800832,0.15625,0.711056882162701,0,0.464158883361278,2,synth_pop,0.9005302867438552
0.0025839793281653744,0.762913825932068,0.0013000520020800832,0.20833333333333334,0.7126858520259588,0,0.464158883361278,3,synth_pop,0.9006787260833513
0.0030800821355236145,0.7614397150052208,0.0015600624024961,0.12,0.7117711423374506,0,0.464158883361278,4,synth_pop,0.8999723595712662
0.10464135021097046,0.7393280511025121,0.06448257930317212,0.27740492170022374,0.6904358096318223,1,0.464158883361278,0,synth_pop,0.7908899194332689
0.12512862728956575,0.7388981020821817,0.07904316172646905,0.30009871668311944,0.6989653426104876,1,0.464158883361278,1,synth_pop,0.7933058976485161
0.12320328542094455,0.7377310975984276,0.078003120124805,0.29296875,0.6974894621036147,1,0.464158883361278,2,synth_pop,0.7941299919126154
0.11661442006269591,0.7403722130090289,0.07254290171606864,0.2971246006389776,0.6953806491624361,1,0.464158883361278,3,synth_pop,0.7937307412753499
0.12702315099364886,0.7382838891959953,0.08060322412896516,0.2995169082125604,0.6984406589773844,1,0.464158883361278,4,synth_pop,0.7953430996181526
0.10165129744799485,0.742706221976537,0.06162246489859594,0.29008567931456547,0.7084362658784598,2,0.464158883361278,0,synth_pop,0.7943859218082983
0.10197934595524957,0.7436275413058165,0.06162246489859594,0.2955112219451372,0.7099328468514696,2,0.464158883361278,1,synth_pop,0.7947032748789451
0.11280101394169835,0.742030587801732,0.06942277691107644,0.30067567567567566,0.7082814096641067,2,0.464158883361278,2,synth_pop,0.7945087681582262
0.11294416243654821,0.7423991155334438,0.06942277691107644,0.30272108843537415,0.7089300242697283,2,0.464158883361278,3,synth_pop,0.7929373585987327
0.11444256756756757,0.7423991155334438,0.07046281851274051,0.3044943820224719,0.708292700827454,2,0.464158883361278,4,synth_pop,0.7961416008926833
0.0041025641025641026,0.7614397150052208,0.0020800832033281333,0.14814814814814814,0.5870989676740266,3,0.464158883361278,0,synth_pop,0.8077352251671223
0.0025746652935118436,0.7620539278914071,0.0013000520020800832,0.13157894736842105,0.5783586244937534,3,0.464158883361278,1,synth_pop,0.8059744274848232
0.003084040092521203,0.761746821448314,0.0015600624024961,0.13333333333333333,0.5744177471159965,3,0.464158883361278,2,synth_pop,0.8059181229077731
0.003084040092521203,0.761746821448314,0.0015600624024961,0.13333333333333333,0.5727274808724556,3,0.464158883361278,3,synth_pop,0.8071568236028788
0.00359250705671029,0.7615011362938394,0.0018200728029121164,0.13725490196078433,0.568383958518775,3,0.464158883361278,4,synth_pop,0.8052527051789974
0.05199912606510815,0.7334930286837418,0.03094123764950598,0.16279069767441862,0.6609056119381888,4,0.464158883361278,0,synth_pop,0.8023811717494344
0.056636402939904885,0.7319574964682759,0.03406136245449818,0.16794871794871793,0.6596640439803358,4,0.464158883361278,1,synth_pop,0.8014495869291484
0.057353899630675644,0.7334930286837418,0.0343213728549142,0.17437252311756934,0.6636477127762231,4,0.464158883361278,2,synth_pop,0.8005743066859125
0.0797661307162247,0.7293163810576746,0.04966198647945918,0.20254506892895016,0.6676979053428321,4,0.464158883361278,3,synth_pop,0.7997553310197271
0.059534081104400345,0.7322031816227504,0.0358814352574103,0.17468354430379746,0.6637082250479404,4,0.464158883361278,4,synth_pop,0.8018744305559821
0.2749467475012289,0.7282107978625392,0.21814872594903797,0.37173238812583076,0.718206948623743,0,1.6681005372000592,0,synth_pop,0.9055976986783781
0.2771827328789354,0.7264295804925988,0.22204888195527822,0.3687392055267703,0.7191753958859601,0,1.6681005372000592,1,synth_pop,0.9063143023862903
0.27605267436189235,0.7264910017812174,0.22074882995319814,0.3683297180043384,0.7187729077317495,0,1.6681005372000592,2,synth_pop,0.907102566464994
0.27521731999343946,0.728579325594251,0.21814872594903797,0.3727232341181697,0.7194201213967337,0,1.6681005372000592,3,synth_pop,0.9038266638002518
0.2856684834882975,0.7263067379153615,0.23166926677067082,0.3724916387959866,0.7188741727393262,0,1.6681005372000592,4,synth_pop,0.9068005691880879
0.30065141139134793,0.7428290645537743,0.23400936037441497,0.42036431574030825,0.7311244785939407,1,1.6681005372000592,0,synth_pop,0.9198683496616606
0.2897431593083767,0.7401265278545544,0.22438897555902237,0.408810990052108,0.7295299154145498,1,1.6681005372000592,1,synth_pop,0.9200116704032433
0.312346688470973,0.7417234813586389,0.2483099323972959,0.42089026002644336,0.7302205582392978,1,1.6681005372000592,2,synth_pop,0.9203341420718036
0.27543467033912894,0.7414777962041643,0.2080083203328133,0.40753948038716253,0.7306122779692048,1,1.6681005372000592,3,synth_pop,0.9197966892908694
0.3012969737279681,0.7419077452244948,0.23556942277691106,0.41789667896678967,0.7309686396301851,1,1.6681005372000592,4,synth_pop,0.9209278994297883
0.003109613889608707,0.7637123026841103,0.0015600624024961,0.46153846153846156,0.7337987697232056,2,1.6681005372000592,0,synth_pop,0.9071230408566485
0.0015568240788790867,0.7636508813954916,0.00078003120124805,0.375,0.7291071240758757,2,1.6681005372000592,1,synth_pop,0.9070001945067206
0.0005198856251624643,0.7638351452613475,0.00026001040041601667,1.0,0.7364739808731875,2,1.6681005372000592,2,synth_pop,0.9043026934062223
0.0,0.7637737239727289,0.0,0.0,0.7338611220363571,2,1.6681005372000592,3,synth_pop,0.9062528792113264
0.0,0.7637737239727289,0.0,0.0,0.7352474468902359,2,1.6681005372000592,4,synth_pop,0.9057359008220468
0.1655003498950315,0.70702045328911,0.12298491939677587,0.2529411764705882,0.6639120305463606,3,1.6681005372000592,0,synth_pop,0.9059048145531975
0.1728866516229821,0.7073275597322032,0.1294851794071763,0.2600522193211488,0.669191151240742,3,1.6681005372000592,1,synth_pop,0.9023320332094632
0.1648870995974094,0.7069590320004914,0.12246489859594384,0.2522763792179968,0.6641392756635075,3,1.6681005372000592,2,synth_pop,0.9042822190145676
0.17073170731707318,0.7076346661752964,0.12740509620384816,0.2587117212249208,0.6639290091105051,3,1.6681005372000592,3,synth_pop,0.9030793485048574
0.1708420320111343,0.7072661384435845,0.12766510660426417,0.25814931650893796,0.6658039486034607,3,1.6681005372000592,4,synth_pop,0.9029974509382389
0.006099748833871546,0.6597260610527609,0.004420176807072283,0.009837962962962963,0.45027341342950056,4,1.6681005372000592,0,synth_pop,0.9206514951424506
0.006107418717442069,0.6601560100730913,0.004420176807072283,0.009877977919814061,0.44123575719064145,4,1.6681005372000592,1,synth_pop,0.9193257782828127
0.005450581395348837,0.6637798661015908,0.0039001560062402497,0.009047044632086852,0.45593913101115924,4,1.6681005372000592,2,synth_pop,0.9211377619442483
0.005407354001441961,0.6610773294023709,0.0039001560062402497,0.00881316098707403,0.4473964877372738,4,1.6681005372000592,3,synth_pop,0.9202676002989261
0.006073597713469096,0.6582519501259136,0.004420176807072283,0.009703196347031963,0.4537024560998524,4,1.6681005372000592,4,synth_pop,0.918271347112599
0.08211801660309626,0.7487255082611634,0.04758190327613104,0.2995090016366612,0.7296327277296962,0,5.994842503189409,0,synth_pop,0.943644236970609
0.07397260273972603,0.7508752533628156,0.0421216848673947,0.30337078651685395,0.729844144308595,0,5.994842503189409,1,synth_pop,0.9449904282219014
0.05809900069718801,0.7510595172286715,0.03250130005200208,0.2735229759299781,0.7294013007001985,0,5.994842503189409,2,synth_pop,0.9435828137956451
0.07978363759296822,0.7492168785701124,0.046021840873634944,0.29949238578680204,0.7312240499270153,0,5.994842503189409,3,synth_pop,0.9448266330886644
0.07680072710747557,0.7504453043424851,0.043941757670306815,0.3045045045045045,0.7301771708986573,0,5.994842503189409,4,synth_pop,0.9439257598558601
0.12366380213791657,0.7431975922854861,0.07670306812272491,0.31891891891891894,0.7251832984457296,1,5.994842503189409,0,synth_pop,0.9532467266566343
0.08766880673013061,0.7468828696026043,0.0514820592823713,0.29508196721311475,0.7263279505848509,1,5.994842503189409,1,synth_pop,0.9486246327405997
0.11764705882352942,0.7438732264602911,0.07228289131565263,0.3159090909090909,0.725691881716282,1,5.994842503189409,2,synth_pop,0.9520489747448379
0.11561433447098977,0.7453473373871384,0.07046281851274051,0.32185273159144895,0.7276837892976917,1,5.994842503189409,3,synth_pop,0.9509740691829695
0.12709731543624161,0.7443645967692403,0.07878315132605304,0.3286334056399132,0.7276669361909176,1,5.994842503189409,4,synth_pop,0.9503444816395893
0.1335002085940759,0.7448559670781894,0.08320332813312532,0.33755274261603374,0.732551535274117,2,5.994842503189409,0,synth_pop,0.9481230101450612
0.14724685502165397,0.7460229715619434,0.09282371294851795,0.3559322033898305,0.7324225232780923,2,5.994842503189409,1,synth_pop,0.9442328757306799
0.16270640354409988,0.7446102819237148,0.10504420176807072,0.3607142857142857,0.7299079812006313,2,5.994842503189409,2,synth_pop,0.9464697030189492
0.15262515262515264,0.744241754192003,0.09750390015600624,0.351123595505618,0.7318428684071367,2,5.994842503189409,3,synth_pop,0.9470020372019695
0.16242424242424244,0.7453473373871384,0.10452418096723869,0.3641304347826087,0.7313067472437539,2,5.994842503189409,4,synth_pop,0.9447652099137005
0.16823930937562737,0.7455316012529943,0.10894435777431097,0.36916299559471366,0.7309044263660375,3,5.994842503189409,0,synth_pop,0.9325061679104859
0.15783083771752326,0.7443645967692403,0.10140405616224649,0.35583941605839414,0.7321064125234893,3,5.994842503189409,1,synth_pop,0.9329054185477513
0.18210609659540777,0.7462072354277993,0.11960478419136765,0.3814262023217247,0.7329523297538254,3,5.994842503189409,2,synth_pop,0.9332995505871032
0.14606048138243158,0.7450402309440453,0.09230369214768591,0.3497536945812808,0.7307977876010898,3,5.994842503189409,3,synth_pop,0.9336015478640092
0.15568619501317657,0.7441803329033844,0.0998439937597504,0.3532658693652254,0.731699136079637,3,5.994842503189409,4,synth_pop,0.9327620978061689
0.03658243080625752,0.7541305816596032,0.019760790431617263,0.2459546925566343,0.7331021885829193,4,5.994842503189409,0,synth_pop,0.9568655753815914
0.07539410555174778,0.7514280449603833,0.042901716068642744,0.3107344632768362,0.7348006513746677,4,5.994842503189409,1,synth_pop,0.9568246265982822
0.05437075228497774,0.7521651004238069,0.03016120644825793,0.2755344418052256,0.7335589161403209,4,5.994842503189409,2,synth_pop,0.954633866691236
0.07845804988662132,0.7503838830538665,0.04498179927197088,0.3067375886524823,0.7342155181985325,4,5.994842503189409,3,synth_pop,0.9549102709785736
0.07078832452309813,0.7516737301148578,0.04004160166406656,0.30495049504950494,0.7328798990319082,4,5.994842503189409,4,synth_pop,0.9547260014536819
0.06910755148741418,0.750138197899392,0.039261570462818515,0.2881679389312977,0.7301395964161848,0,21.544346900318846,0,synth_pop,0.9637705639671181
0.09066666666666667,0.7486640869725447,0.0530421216848674,0.3119266055045872,0.7330642795474586,0,21.544346900318846,1,synth_pop,0.9652498387641657
0.07978363759296822,0.7492168785701124,0.046021840873634944,0.29949238578680204,0.7318624188473771,0,21.544346900318846,2,synth_pop,0.9650604506413604
0.07370562966312458,0.7483569805294515,0.042381695267810715,0.2824956672443674,0.729204750819707,0,21.544346900318846,3,synth_pop,0.9631768066091336
0.09074811863656486,0.7476813463546466,0.053302132085283414,0.30505952380952384,0.7311220949039008,0,21.544346900318846,4,synth_pop,0.9644411002938075
0.08674267829197407,0.7490940359928752,0.050442017680707225,0.3094098883572568,0.7331709810410911,1,21.544346900318846,0,synth_pop,0.9645588280458216
0.09572121746801941,0.7481727166635956,0.056422256890275614,0.31540697674418605,0.7322208923740947,1,21.544346900318846,1,synth_pop,0.9655108872577625
0.09647577092511013,0.7480498740863584,0.05694227769110764,0.31556195965417866,0.73169547690633,1,21.544346900318846,2,synth_pop,0.964103272831506
0.09607756721022477,0.7480498740863584,0.056682267290691625,0.315028901734104,0.7318060884880108,1,21.544346900318846,3,synth_pop,0.9641442216148154
0.10636442894507413,0.7481727166635956,0.06344253770150807,0.3288409703504043,0.7333880641112255,1,21.544346900318846,4,synth_pop,0.9642517121710021
0.14297452752670503,0.7437503838830538,0.0904836193447738,0.3405088062622309,0.7262877833167206,2,21.544346900318846,0,synth_pop,0.9680650676166785
0.13410836620303093,0.7438118051716724,0.08398335933437337,0.33264675592173015,0.7261367744617303,2,21.544346900318846,1,synth_pop,0.9655057686598488
0.1423881821912187,0.7432590135741047,0.09022360894435777,0.33754863813229574,0.7248204548206054,2,21.544346900318846,2,synth_pop,0.9678449679063911
0.13864245925314628,0.7435661200171979,0.0873634945397816,0.3356643356643357,0.7251221170680362,2,21.544346900318846,3,synth_pop,0.9686178761913536
0.1342477140482128,0.7441189116147657,0.08398335933437337,0.33436853002070394,0.7269343069661669,2,21.544346900318846,4,synth_pop,0.9695443424137261
0.10667823070251518,0.7469442908912229,0.06396255850234009,0.32114882506527415,0.731821143372474,3,21.544346900318846,0,synth_pop,0.9678347307105638
0.09763572679509633,0.7468214483139857,0.057982319292771714,0.30886426592797783,0.7303171185954797,3,21.544346900318846,1,synth_pop,0.9684694368518576
0.08501118568232661,0.748786929549782,0.04940197607904316,0.30448717948717946,0.7316136159720614,3,21.544346900318846,2,synth_pop,0.9671846687755291
0.07530807850296668,0.7511209385172901,0.042901716068642744,0.30783582089552236,0.7326964385370751,3,21.544346900318846,3,synth_pop,0.9679780514521462
0.10711188204683435,0.7470671334684602,0.06422256890275611,0.3224543080939948,0.7314691936290239,3,21.544346900318846,4,synth_pop,0.9657565799576181
0.12344113295286407,0.7452859160985198,0.07592303692147685,0.32994350282485874,0.7305520375217904,4,21.544346900318846,0,synth_pop,0.9675224962378306
0.12470936377087297,0.7456544438302316,0.07670306812272491,0.3333333333333333,0.731374410585591,4,21.544346900318846,1,synth_pop,0.9678296121126503
0.10872861165258825,0.7472513973343161,0.06526261050442017,0.32555123216601817,0.7311357279381645,4,21.544346900318846,2,synth_pop,0.9679268654730097
0.11777301927194861,0.7469442908912229,0.07150286011440457,0.3337378640776699,0.7332191357618116,4,21.544346900318846,3,synth_pop,0.9671232456005651
0.11331322705730287,0.7471899760456975,0.06838273530941237,0.33040201005025127,0.7315406206919768,4,21.544346900318846,4,synth_pop,0.9668366041174002
0.1340270551508845,0.7444260180578589,0.08372334893395736,0.3357664233576642,0.7292541601141327,0,77.42636826811278,0,synth_pop,0.9704861644298394
0.13974704540742278,0.7451630735212825,0.0876235049401976,0.34493346980552714,0.7299080021101929,0,77.42636826811278,1,synth_pop,0.9696876631553085
0.13945789364783778,0.7445488606350962,0.0876235049401976,0.3414387031408308,0.7297926440579939,0,77.42636826811278,2,synth_pop,0.9720012694122825
0.1268703898840885,0.7455316012529943,0.078263130525221,0.3348164627363737,0.7324306570976148,0,77.42636826811278,3,synth_pop,0.969892407071855
0.11479974298565002,0.7461458141391807,0.06968278731149245,0.32563791008505466,0.7294923409320772,0,77.42636826811278,4,synth_pop,0.9695904097949489
0.11844908393694079,0.7458387076960875,0.07228289131565263,0.3278301886792453,0.730153877646863,1,77.42636826811278,0,synth_pop,0.9705015202235803
0.10460069444444443,0.7465757631595111,0.06266250650026,0.31627296587926507,0.7308099987851544,1,77.42636826811278,1,synth_pop,0.967532733433658
0.10761553482317206,0.7473742399115534,0.06448257930317212,0.32503276539973786,0.7319387387477807,1,77.42636826811278,2,synth_pop,0.9711464635607014
0.12254384111557153,0.744917388366808,0.07540301612064483,0.3269447576099211,0.7305652732743808,1,77.42636826811278,3,synth_pop,0.9706499595630764
0.12513166210238044,0.744917388366808,0.07722308892355695,0.32963374028856823,0.7289776938886161,1,77.42636826811278,4,synth_pop,0.9715252398063123
0.10521757956267591,0.7461458141391807,0.06318252730109204,0.314359637774903,0.7291339928627303,2,77.42636826811278,0,synth_pop,0.972236724916311
0.10640608034744845,0.7472513973343161,0.06370254810192408,0.3227931488801054,0.7319103435629182,2,77.42636826811278,1,synth_pop,0.9715559513937942
0.0982961992136304,0.7464529205822739,0.05850234009360374,0.3073770491803279,0.7299105112576034,2,77.42636826811278,2,synth_pop,0.9701534555654515
0.1039411000433088,0.7458387076960875,0.062402496099843996,0.31088082901554404,0.7296314940655526,2,77.42636826811278,3,synth_pop,0.971243716921061
0.12191520776207551,0.7443031754806216,0.0751430057202288,0.3229050279329609,0.7292467581292716,2,77.42636826811278,4,synth_pop,0.970266064719552
0.11520342612419701,0.7462072354277993,0.06994279771190848,0.32645631067961167,0.7285209454216528,3,77.42636826811278,0,synth_pop,0.9704349784507027
0.11359724612736662,0.7469442908912229,0.0686427457098284,0.32917705735660846,0.7299576832289214,3,77.42636826811278,1,synth_pop,0.9713102586939386
0.11311827956989247,0.7466986057367484,0.06838273530941237,0.3271144278606965,0.7303334698727717,3,77.42636826811278,2,synth_pop,0.9697542049281861
0.10839991362556683,0.7463914992936552,0.06526261050442017,0.3197452229299363,0.7295922677277015,3,77.42636826811278,3,synth_pop,0.9702251159362428
0.11567404859170072,0.7473742399115534,0.06994279771190848,0.3341614906832298,0.73253238211555,3,77.42636826811278,4,synth_pop,0.9705578248006307
0.12338897105429959,0.7451630735212825,0.07592303692147685,0.32919954904171367,0.7307908665361491,4,77.42636826811278,0,synth_pop,0.9684643182539437
0.11240310077519382,0.7468214483139857,0.06786271450858035,0.32706766917293234,0.7308156234572664,4,77.42636826811278,1,synth_pop,0.9671181270026513
0.09762532981530345,0.7479270315091211,0.057722308892355696,0.3162393162393162,0.731459387044561,4,77.42636826811278,2,synth_pop,0.9691706847660289
0.11994895789025946,0.7458387076960875,0.07332293291731669,0.3294392523364486,0.7324636837504059,4,77.42636826811278,3,synth_pop,0.9679319840709234
0.11624441132637854,0.7450402309440453,0.07098283931357255,0.3207990599294947,0.7303828582576355,4,77.42636826811278,4,synth_pop,0.9682237441520019
0.1123352775977533,0.7476199250660279,0.06760270410816432,0.33205619412515963,0.7317246666545392,0,278.2559402207126,0,synth_pop,0.9690376012202737
0.11947941113718796,0.7465143418708925,0.07280291211648465,0.3329369797859691,0.7301795545886974,0,278.2559402207126,1,synth_pop,0.9687407225412814
0.10752221981357032,0.7471285547570788,0.06448257930317212,0.32333767926988266,0.7323373795426285,0,278.2559402207126,2,synth_pop,0.9696723073615675
0.10336590662323561,0.7463914992936552,0.06188247529901196,0.31357048748353095,0.7308965016421325,0,278.2559402207126,3,synth_pop,0.9682442185436565
0.12470837751855779,0.7465143418708925,0.07644305772230889,0.3383199079401611,0.7326365953713339,0,278.2559402207126,4,synth_pop,0.9668314855194865
0.11509555507837663,0.7468828696026043,0.06968278731149245,0.33045622688039455,0.7295459112292919,1,278.2559402207126,0,synth_pop,0.9682646929353113
0.11844618976862663,0.744917388366808,0.07254290171606864,0.3225433526011561,0.7296051061986186,1,278.2559402207126,1,synth_pop,0.9698361024948047
0.1261564339781329,0.7447331245009521,0.078003120124805,0.32967032967032966,0.7296377251149555,1,278.2559402207126,2,synth_pop,0.9691399731785469
0.1277672359266287,0.7459001289847061,0.07878315132605304,0.3377926421404682,0.7318742745688919,1,278.2559402207126,3,synth_pop,0.9678398493084774
0.10656270305393112,0.7466371844481298,0.06396255850234009,0.31906614785992216,0.7309597739760012,1,278.2559402207126,4,synth_pop,0.9692065149514244
0.1109916110991611,0.7461458141391807,0.06708268330733229,0.32129514321295144,0.7300302603177711,2,278.2559402207126,0,synth_pop,0.9691809219618562
0.11515410958904111,0.746084392850562,0.06994279771190848,0.32566585956416466,0.7299627119785235,2,278.2559402207126,1,synth_pop,0.9693907844763162
0.104784585408097,0.7460229715619434,0.06292251690067603,0.3130659767141009,0.7296482008053945,2,278.2559402207126,2,synth_pop,0.9725847895744398
0.11024978466838932,0.7462072354277993,0.06656266250650027,0.3208020050125313,0.72974444751815,2,278.2559402207126,3,synth_pop,0.9694214960637982
0.11394302848575713,0.7459001289847061,0.06916276651066043,0.32320777642770354,0.7291599207193057,2,278.2559402207126,4,synth_pop,0.9688789246849504
0.10599478714161599,0.7471899760456975,0.06344253770150807,0.32189973614775724,0.7318448548155034,3,278.2559402207126,0,synth_pop,0.969155328972288
0.12579147319544112,0.745593022541613,0.07748309932397296,0.33408071748878926,0.7305565121680058,3,278.2559402207126,1,synth_pop,0.9669696876631552
0.11664174321726128,0.7460229715619434,0.07098283931357255,0.3269461077844311,0.7302502289074273,3,278.2559402207126,2,synth_pop,0.9663964046968255
0.13910163527220037,0.7445488606350962,0.0873634945397816,0.3411167512690355,0.7296318704376643,3,278.2559402207126,3,synth_pop,0.9664680650676168
0.1235978835978836,0.7456544438302316,0.07592303692147685,0.3321956769055745,0.7310037467843709,3,278.2559402207126,4,synth_pop,0.9658999006992004
0.1282051282051282,0.7452244948099012,0.07930317212688508,0.3344298245614035,0.7306032450385269,4,278.2559402207126,0,synth_pop,0.9686127575934401
0.10173207629905723,0.7483569805294515,0.06032241289651586,0.32447552447552447,0.7322633178748943,4,278.2559402207126,1,synth_pop,0.9714228678480391
0.1281725888324873,0.7468214483139857,0.07878315132605304,0.3435374149659864,0.732309841649798,4,278.2559402207126,2,synth_pop,0.9711003961794785
0.12505280946345584,0.745593022541613,0.07696307852314092,0.3333333333333333,0.7286234440933729,4,278.2559402207126,3,synth_pop,0.9703837924715661
0.11769722814498933,0.7458387076960875,0.0717628705148206,0.32701421800947866,0.7315518073075155,4,278.2559402207126,4,synth_pop,0.9701380997717107
0.11415033383588198,0.7473742399115534,0.0689027561102444,0.3324968632371393,0.7309430045074742,0,1000.0,0,synth_pop,0.9708188732942272
0.12127659574468085,0.7463300780050366,0.07410296411856475,0.3337236533957845,0.7314063917602944,0,1000.0,1,synth_pop,0.9728816682534319
0.10311072438546877,0.746760027025367,0.06162246489859594,0.3155792276964048,0.7311320478552958,0,1000.0,2,synth_pop,0.9707728059130042
0.11992345311503295,0.7457772864074689,0.07332293291731669,0.3290548424737456,0.731445252180815,0,1000.0,3,synth_pop,0.969472682042935
0.11907810499359794,0.7464529205822739,0.07254290171606864,0.33214285714285713,0.7313961565298157,0,1000.0,4,synth_pop,0.9701995229466744
0.0993652878091486,0.7472513973343161,0.05902236089443578,0.313969571230982,0.7311296223461323,1,1000.0,0,synth_pop,0.970102269586315
0.10476190476190478,0.7459615502733248,0.06292251690067603,0.31266149870801035,0.7291691209264776,1,1000.0,1,synth_pop,0.9699128814635095
0.09747530186608123,0.7474970824887907,0.057722308892355696,0.3131170662905501,0.7308355084504948,1,1000.0,2,synth_pop,0.972267436503793
0.11545862732520847,0.7459001289847061,0.07020280811232449,0.3249097472924188,0.7288201612503583,1,1000.0,3,synth_pop,0.9713870376626433
0.11532690246516614,0.7465143418708925,0.06994279771190848,0.32844932844932845,0.7310646981568849,1,1000.0,4,synth_pop,0.9699640674426462
0.10325379609544469,0.746084392850562,0.06188247529901196,0.31151832460732987,0.7299214992323055,2,1000.0,0,synth_pop,0.9722111319267427
0.10767567567567568,0.7465143418708925,0.06474258970358815,0.3196405648267009,0.7303017291580285,2,1000.0,1,synth_pop,0.9710184986128599
0.11777210884353741,0.7451016522326639,0.0720228809152366,0.32284382284382285,0.728886005460323,2,1000.0,2,synth_pop,0.9714228678480391
0.10155395053622238,0.7478656102205025,0.06032241289651586,0.32088520055325037,0.7317827952362164,2,1000.0,3,synth_pop,0.9695033936304167
0.11970181043663472,0.7461458141391807,0.07306292251690068,0.3309776207302709,0.7313523509979403,2,1000.0,4,synth_pop,0.9711106333753058
0.0768531150522965,0.750629568208341,0.043941757670306815,0.3061594202898551,0.7312480122847858,3,1000.0,0,synth_pop,0.9704349784507027
0.12394247038917089,0.745593022541613,0.07618304732189288,0.3321995464852608,0.7306303647401224,3,1000.0,1,synth_pop,0.9710184986128599
0.09139307897071873,0.7484184018180702,0.053562142485699425,0.311178247734139,0.7314687754377887,3,1000.0,2,synth_pop,0.9716787977437221
0.11427339370418285,0.7476813463546466,0.0689027561102444,0.3345959595959596,0.7319748495609306,3,1000.0,3,synth_pop,0.9711413449627878
0.1188542112013681,0.7468214483139857,0.07228289131565263,0.33413461538461536,0.7311242067696379,3,1000.0,4,synth_pop,0.9703991482653072
0.10919292188174362,0.7464529205822739,0.0657826313052522,0.3210659898477157,0.7299235170050147,4,1000.0,0,synth_pop,0.9696364771761719
0.1132400430570506,0.7470057121798416,0.06838273530941237,0.32916145181476847,0.7312370347648647,4,1000.0,1,synth_pop,0.9709621940358097
0.1193712829226848,0.7453473373871384,0.07306292251690068,0.3259860788863109,0.7311281586768095,4,1000.0,2,synth_pop,0.9735624417759489
0.12563237774030353,0.7452244948099012,0.07748309932397296,0.33184855233853006,0.7310432135821822,4,1000.0,3,synth_pop,0.9697439677323588
0.11411411411411412,0.7463300780050366,0.06916276651066043,0.32598039215686275,0.7301830464855105,4,1000.0,4,synth_pop,0.9697132561448766
0.0,0.7637737239727289,0.0,0.0,0.7071627062911225,0,0.01,0,histogram,0.8841149432347492
0.0,0.7637737239727289,0.0,0.0,0.29898897041527017,0,0.01,1,histogram,0.8857426573712929
0.0,0.7637737239727289,0.0,0.0,0.7375368138971639,0,0.01,2,histogram,0.8849339189009346
0.0,0.7637737239727289,0.0,0.0,0.33940520869729035,0,0.01,3,histogram,0.8847701237676976
0.0,0.7637737239727289,0.0,0.0,0.600820564386709,0,0.01,4,histogram,0.8860497732461123
0.0,0.7637737239727289,0.0,0.0,0.5506217876378907,1,0.01,0,histogram,0.8650737589959357
0.0,0.7637737239727289,0.0,0.0,0.5223099064694393,1,0.01,1,histogram,0.8659388020433444
0.0,0.7637737239727289,0.0,0.0,0.6721391694429337,1,0.01,2,histogram,0.8651351821708997
0.0,0.7637737239727289,0.0,0.0,0.6978100265948715,1,0.01,3,histogram,0.8632003521595366
0.0,0.7637737239727289,0.0,0.0,0.5071092405417166,1,0.01,4,histogram,0.8655856187873018
0.0,0.7637737239727289,0.0,0.0,0.44192955735921435,2,0.01,0,histogram,0.8900166866291985
0.0,0.7637737239727289,0.0,0.0,0.3380186120191089,2,0.01,1,histogram,0.887017188251794
0.0,0.7637737239727289,0.0,0.0,0.38506648508803243,2,0.01,2,histogram,0.8898938402792708
0.0,0.7637737239727289,0.0,0.0,0.3916633263641764,2,0.01,3,histogram,0.8868431559227297
0.0,0.7637737239727289,0.0,0.0,0.3218500424777747,2,0.01,4,histogram,0.8867714955519385
0.0,0.7637737239727289,0.0,0.0,0.6645518422264836,3,0.01,0,histogram,0.8730024671641944
0.0,0.7637737239727289,0.0,0.0,0.33692219823895486,3,0.01,1,histogram,0.8727516558664252
0.0,0.7637737239727289,0.0,0.0,0.7223485891586849,3,0.01,2,histogram,0.8741592702926816
0.0,0.7637737239727289,0.0,0.0,0.6847900397720775,3,0.01,3,histogram,0.8753723779982187
0.0,0.7637737239727289,0.0,0.0,0.5172615227890177,3,0.01,4,histogram,0.8750601435254856
0.0,0.7637737239727289,0.0,0.0,0.32528464709155314,4,0.01,0,histogram,0.889003204242294
0.0,0.7637737239727289,0.0,0.0,0.40313504377730397,4,0.01,1,histogram,0.8884708700592734
0.0,0.7637737239727289,0.0,0.0,0.5040224037590374,4,0.01,2,histogram,0.8865565144395647
0.0,0.7637737239727289,0.0,0.0,0.735338278026497,4,0.01,3,histogram,0.8867919699435931
0.0,0.7637737239727289,0.0,0.0,0.6906933108848279,4,0.01,4,histogram,0.8890441530256031
0.0,0.7637737239727289,0.0,0.0,0.29926677485273917,0,0.03593813663804628,0,histogram,0.9656542079993448
0.0,0.7637737239727289,0.0,0.0,0.6510279976940935,0,0.03593813663804628,1,histogram,0.9642619493668295
0.0,0.7637737239727289,0.0,0.0,0.5258086197995568,0,0.03593813663804628,2,histogram,0.9659715610699916
0.0,0.7637737239727289,0.0,0.0,0.5468804815722986,0,0.03593813663804628,3,histogram,0.9655518360410715
0.0,0.7637737239727289,0.0,0.0,0.3015480080401447,0,0.03593813663804628,4,histogram,0.9651218738163242
0.0,0.7637737239727289,0.0,0.0,0.37473281239251177,1,0.03593813663804628,0,histogram,0.9646202512207855
0.0,0.7637737239727289,0.0,0.0,0.3808482110092606,1,0.03593813663804628,1,histogram,0.9643028981501386
0.0,0.7637737239727289,0.0,0.0,0.6382423025107575,1,0.03593813663804628,2,histogram,0.9641851703981246
0.0,0.7637737239727289,0.0,0.0,0.32327747553006264,1,0.03593813663804628,3,histogram,0.9622452217888479
0.0,0.7637737239727289,0.0,0.0,0.30432444237857975,1,0.03593813663804628,4,histogram,0.9621735614180564
0.0,0.7637737239727289,0.0,0.0,0.5132233636751984,2,0.03593813663804628,0,histogram,0.9559135161696508
0.0,0.7637737239727289,0.0,0.0,0.5847557062716767,2,0.03593813663804628,1,histogram,0.9561592088695066
0.0,0.7637737239727289,0.0,0.0,0.4039464811403071,2,0.03593813663804628,2,histogram,0.9551508450805155
0.0,0.7637737239727289,0.0,0.0,0.7390343148908908,2,0.03593813663804628,3,histogram,0.9580070227163375
0.0,0.7637737239727289,0.0,0.0,0.29722742347570863,2,0.03593813663804628,4,histogram,0.9572955376063388
0.0,0.7637737239727289,0.0,0.0,0.6095855390307289,3,0.03593813663804628,0,histogram,0.9546696968766316
0.0,0.7637737239727289,0.0,0.0,0.2862569709865194,3,0.03593813663804628,1,histogram,0.9562820552194342
0.0,0.7637737239727289,0.0,0.0,0.3846865165318314,3,0.03593813663804628,2,histogram,0.9558265000051186
0.0,0.7637737239727289,0.0,0.0,0.44838588638036875,3,0.03593813663804628,3,histogram,0.9552071496575657
0.0,0.7637737239727289,0.0,0.0,0.583139836248858,3,0.03593813663804628,4,histogram,0.954843729205696
0.0,0.7637737239727289,0.0,0.0,0.41568454455106235,4,0.03593813663804628,0,histogram,0.9510252551621061
0.0,0.7637737239727289,0.0,0.0,0.2984337797315672,4,0.03593813663804628,1,histogram,0.9542243788581432
0.0,0.7637737239727289,0.0,0.0,0.5367286175162326,4,0.03593813663804628,2,histogram,0.9530368641421743
0.0,0.7637737239727289,0.0,0.0,0.4641113613985653,4,0.03593813663804628,3,histogram,0.9548130176182141
0.0,0.7637737239727289,0.0,0.0,0.4956208791174325,4,0.03593813663804628,4,histogram,0.9549921685451922
0.0,0.7637737239727289,0.0,0.0,0.6798585823609864,0,0.1291549665014884,0,histogram,0.985314742585711
0.0,0.7637737239727289,0.0,0.0,0.6778481907269858,0,0.1291549665014884,1,histogram,0.9850229825046323
0.0,0.7637737239727289,0.0,0.0,0.629642032484677,0,0.1291549665014884,2,histogram,0.9860825322727598
0.0,0.7637737239727289,0.0,0.0,0.6236068011276945,0,0.1291549665014884,3,histogram,0.9849717965254957
0.0,0.7637737239727289,0.0,0.0,0.555882445189243,0,0.1291549665014884,4,histogram,0.9839531955406775
0.0,0.7637737239727289,0.0,0.0,0.5294611647755014,1,0.1291549665014884,0,histogram,0.987735839398872
0.0,0.7637737239727289,0.0,0.0,0.2836710227556669,1,0.1291549665014884,1,histogram,0.9865176130954209
0.0,0.7637737239727289,0.0,0.0,0.591843943158611,1,0.1291549665014884,2,histogram,0.9865022573016801
0.0,0.7637737239727289,0.0,0.0,0.6068938511460844,1,0.1291549665014884,3,histogram,0.9880429552736915
0.0,0.7637737239727289,0.0,0.0,0.6708616579484249,1,0.1291549665014884,4,histogram,0.988201631809015
0.0,0.7637737239727289,0.0,0.0,0.6242747779875006,2,0.1291549665014884,0,histogram,0.9850946428754236
0.0,0.7637737239727289,0.0,0.0,0.3295952368854706,2,0.1291549665014884,1,histogram,0.9838201119949225
0.0,0.7637737239727289,0.0,0.0,0.4849285865282621,2,0.1291549665014884,2,histogram,0.984982033721323
0.0,0.7637737239727289,0.0,0.0,0.5532930677902628,2,0.1291549665014884,3,histogram,0.9866251036516077
0.0,0.7637737239727289,0.0,0.0,0.6318278971609206,2,0.1291549665014884,4,histogram,0.9872905213803835
0.0,0.7637737239727289,0.0,0.0,0.697711835292873,3,0.1291549665014884,0,histogram,0.9865278502912482
0.0,0.7637737239727289,0.0,0.0,0.2752118504523052,3,0.1291549665014884,1,histogram,0.9889335913106683
0.0,0.7637737239727289,0.0,0.0,0.3873113147284235,3,0.1291549665014884,2,histogram,0.9878126183675767
0.0,0.7637737239727289,0.0,0.0,0.42576652885174515,3,0.1291549665014884,3,histogram,0.9873826561428293
0.0,0.7637737239727289,0.0,0.0,0.4060966113755125,3,0.1291549665014884,4,histogram,0.9880173622841232
0.0,0.7637737239727289,0.0,0.0,0.6754538368104889,4,0.1291549665014884,0,histogram,0.985811246583336
0.0,0.7637737239727289,0.0,0.0,0.4595017230524364,4,0.1291549665014884,1,histogram,0.9855297236980846
0.0,0.7637737239727289,0.0,0.0,0.3837836207457145,4,0.1291549665014884,2,histogram,0.9868707963514635
0.0,0.7637737239727289,0.0,0.0,0.5056345309703019,4,0.1291549665014884,3,histogram,0.9881299714382238
0.0,0.7637737239727289,0.0,0.0,0.4019844951417679,4,0.1291549665014884,4,histogram,0.9844906483216116
0.0,0.7637737239727289,0.0,0.0,0.3373798876361971,0,0.464158883361278,0,histogram,0.9926292190043303
0.0,0.7637737239727289,0.0,0.0,0.5614199035191001,0,0.464158883361278,1,histogram,0.9921122406150508
0.0,0.7637737239727289,0.0,0.0,0.3495242447414021,0,0.464158883361278,2,histogram,0.9901927663974283
0.0,0.7637737239727289,0.0,0.0,0.4180411357990307,0,0.464158883361278,3,histogram,0.9914314670925339
0.0,0.7637737239727289,0.0,0.0,0.2772228693731585,0,0.464158883361278,4,histogram,0.992424475087784
0.0,0.7637737239727289,0.0,0.0,0.32661497613905355,1,0.464158883361278,0,histogram,0.9940112404410183
0.0,0.7637737239727289,0.0,0.0,0.5441132683505973,1,0.464158883361278,1,histogram,0.9938986312869179
0.0,0.7637737239727289,0.0,0.0,0.5235339522145421,1,0.464158883361278,2,histogram,0.9928237257250494
0.0,0.7637737239727289,0.0,0.0,0.4969144700649305,1,0.464158883361278,3,histogram,0.9931922647748329
0.0,0.7637737239727289,0.0,0.0,0.5144624433952026,1,0.464158883361278,4,histogram,0.9934891434538251
0.0,0.7637737239727289,0.0,0.0,0.6894211940572517,2,0.464158883361278,0,histogram,0.9906636774054852
0.0,0.7637737239727289,0.0,0.0,0.3957756726031004,2,0.464158883361278,1,histogram,0.9921429522025327
0.0,0.7637737239727289,0.0,0.0,0.6729747991688867,2,0.464158883361278,2,histogram,0.9925114912523164
0.0,0.7637737239727289,0.0,0.0,0.6755789805375889,2,0.464158883361278,3,histogram,0.9926087446126758
0.0,0.7637737239727289,0.0,0.0,0.6612471278103236,2,0.464158883361278,4,histogram,0.9915031274633251
0.0,0.7637737239727289,0.0,0.0,0.5924717945694105,3,0.464158883361278,0,histogram,0.9917692945548356
0.0,0.7637737239727289,0.0,0.0,0.510534394033582,3,0.464158883361278,1,histogram,0.9923988820982156
0.0,0.7637737239727289,0.0,0.0,0.6910342412892333,3,0.464158883361278,2,histogram,0.9947022511593624
0.0,0.7637737239727289,0.0,0.0,0.2750161160447222,3,0.464158883361278,3,histogram,0.9934072458872065
0.0,0.7637737239727289,0.0,0.0,0.6405903731123109,3,0.464158883361278,4,histogram,0.9928237257250495
0.0,0.7637737239727289,0.0,0.0,0.42199245750288394,4,0.464158883361278,0,histogram,0.9921890195837556
0.0,0.7637737239727289,0.0,0.0,0.4847745039676939,4,0.464158883361278,1,histogram,0.9910885210323189
0.0,0.7637737239727289,0.0,0.0,0.6424662430807646,4,0.464158883361278,2,histogram,0.990561305447212
0.0,0.7637737239727289,0.0,0.0,0.7108145612515293,4,0.464158883361278,3,histogram,0.9922504427587194
0.0,0.7637737239727289,0.0,0.0,0.638878915027932,4,0.464158883361278,4,histogram,0.9905254752618163
0.0,0.7637737239727289,0.0,0.0,0.265652730652853,0,1.6681005372000592,0,histogram,0.9931461973936101
0.0,0.7637737239727289,0.0,0.0,0.44573679127301796,0,1.6681005372000592,1,histogram,0.9927520653542582
0.0,0.7637737239727289,0.0,0.0,0.3383594169661439,0,1.6681005372000592,2,histogram,0.9922248497691513
0.0,0.7637737239727289,0.0,0.0,0.7216416159662069,0,1.6681005372000592,3,histogram,0.9917948875444038
0.0,0.7637737239727289,0.0,0.0,0.2619539128167459,0,1.6681005372000592,4,histogram,0.9939651730597955
0.0,0.7637737239727289,0.0,0.0,0.4113621199451919,1,1.6681005372000592,0,histogram,0.9931461973936099
0.0,0.7637737239727289,0.0,0.0,0.6458912711152596,1,1.6681005372000592,1,histogram,0.9933970086913794
0.0,0.7637737239727289,0.0,0.0,0.2675644709744964,1,1.6681005372000592,2,histogram,0.9948455719009449
0.0,0.7637737239727289,0.0,0.0,0.29909885016228954,1,1.6681005372000592,3,histogram,0.9935300922371345
0.0,0.7637737239727289,0.0,0.0,0.36627600286962825,1,1.6681005372000592,4,histogram,0.993038706837423
0.0,0.7637737239727289,0.0,0.0,0.4762601304213005,2,1.6681005372000592,0,histogram,0.9936222269995802
0.0,0.7637737239727289,0.0,0.0,0.41344293498318135,2,1.6681005372000592,1,histogram,0.9936990059682852
0.0,0.7637737239727289,0.0,0.0,0.7150399864004211,2,1.6681005372000592,2,histogram,0.9933304669185018
0.0,0.7637737239727289,0.0,0.0,0.7065770712855053,2,1.6681005372000592,3,histogram,0.9943285935116654
0.0,0.7637737239727289,0.0,0.0,0.6682242512860949,2,1.6681005372000592,4,histogram,0.9926138632105893
0.0,0.7637737239727289,0.0,0.0,0.644495557868153,3,1.6681005372000592,0,histogram,0.9929107418895818
0.0,0.7637737239727289,0.0,0.0,0.2858371697151762,3,1.6681005372000592,1,histogram,0.993535210835048
0.0,0.7637737239727289,0.0,0.0,0.6524014631674933,3,1.6681005372000592,2,histogram,0.9931257230019553
0.0,0.7637737239727289,0.0,0.0,0.29752609565580856,3,1.6681005372000592,3,histogram,0.9929772836624592
0.0,0.7637737239727289,0.0,0.0,0.6285451168750409,3,1.6681005372000592,4,histogram,0.9947022511593625
0.0,0.7637737239727289,0.0,0.0,0.5952144599656122,4,1.6681005372000592,0,histogram,0.9942364587492194
0.0,0.7637737239727289,0.0,0.0,0.46877967197497716,4,1.6681005372000592,1,histogram,0.9936785315766304
0.0,0.7637737239727289,0.0,0.0,0.6039011283008618,4,1.6681005372000592,2,histogram,0.9941392053888599
0.0,0.7637737239727289,0.0,0.0,0.6582470029802399,4,1.6681005372000592,3,histogram,0.9929568092708047
0.0,0.7637737239727289,0.0,0.0,0.3970819347450215,4,1.6681005372000592,4,histogram,0.9924500680773521
0.0,0.7637737239727289,0.0,0.0,0.493724381866308,0,5.994842503189409,0,histogram,0.9938883940910906
0.0,0.7637737239727289,0.0,0.0,0.5740596499613905,0,5.994842503189409,1,histogram,0.99434906790332
0.0,0.7637737239727289,0.0,0.0,0.6184071367679798,0,5.994842503189409,2,histogram,0.9950042484362682
0.0,0.7637737239727289,0.0,0.0,0.39399536978664507,0,5.994842503189409,3,histogram,0.9949018764779952
0.0,0.7637737239727289,0.0,0.0,0.49331016344795325,0,5.994842503189409,4,histogram,0.9930898928165597
0.0,0.7637737239727289,0.0,0.0,0.6542721998385364,1,5.994842503189409,0,histogram,0.9936682943808032
0.0,0.7637737239727289,0.0,0.0,0.329351452304976,1,5.994842503189409,1,histogram,0.99434906790332
0.0,0.7637737239727289,0.0,0.0,0.26229072403748577,1,5.994842503189409,2,histogram,0.9927776583438265
0.0,0.7637737239727289,0.0,0.0,0.6184715382181833,1,5.994842503189409,3,histogram,0.9941903913679965
0.0,0.7637737239727289,0.0,0.0,0.5183636030604071,1,5.994842503189409,4,histogram,0.9935556852267027
0.0,0.7637737239727289,0.0,0.0,0.3774835488795507,2,5.994842503189409,0,histogram,0.9943132377179243
0.0,0.7637737239727289,0.0,0.0,0.5368190722803822,2,5.994842503189409,1,histogram,0.9938167337202994
0.0,0.7637737239727289,0.0,0.0,0.6510432407646125,2,5.994842503189409,2,histogram,0.9935454480308753
0.0,0.7637737239727289,0.0,0.0,0.5510869835678027,2,5.994842503189409,3,histogram,0.9938781568952632
0.0,0.7637737239727289,0.0,0.0,0.3095512264398899,2,5.994842503189409,4,histogram,0.994318356315838
0.0,0.7637737239727289,0.0,0.0,0.5031652999131626,3,5.994842503189409,0,histogram,0.9936068712058392
0.0,0.7637737239727289,0.0,0.0,0.40280521635019,3,5.994842503189409,1,histogram,0.9924756610669205
0.0,0.7637737239727289,0.0,0.0,0.6478031578038353,3,5.994842503189409,2,histogram,0.992905623291668
0.0,0.7637737239727289,0.0,0.0,0.7285645627674724,3,5.994842503189409,3,histogram,0.9936580571849759
0.0,0.7637737239727289,0.0,0.0,0.5762848037041707,3,5.994842503189409,4,histogram,0.991974038471382
0.0,0.7637737239727289,0.0,0.0,0.7254323731453479,4,5.994842503189409,0,histogram,0.9941545611826008
0.0,0.7637737239727289,0.0,0.0,0.4644845134376344,4,5.994842503189409,1,histogram,0.9917283457715264
0.0,0.7637737239727289,0.0,0.0,0.6084345094752726,4,5.994842503189409,2,histogram,0.9941801541721692
0.0,0.7637737239727289,0.0,0.0,0.7131324698102521,4,5.994842503189409,3,histogram,0.9923374589232518
0.0,0.7637737239727289,0.0,0.0,0.3761682538069516,4,5.994842503189409,4,histogram,0.993028469641596
0.0,0.7637737239727289,0.0,0.0,0.43574139346756025,0,21.544346900318846,0,histogram,0.9931001300123871
0.0,0.7637737239727289,0.0,0.0,0.7103472534558801,0,21.544346900318846,1,histogram,0.9929260976833226
0.0,0.7637737239727289,0.0,0.0,0.41755946313445624,0,21.544346900318846,2,histogram,0.9934737876600841
0.0,0.7637737239727289,0.0,0.0,0.39289362406824374,0,21.544346900318846,3,histogram,0.9940880194097232
0.0,0.7637737239727289,0.0,0.0,0.39898184025471195,0,21.544346900318846,4,histogram,0.9938372081119541
0.0,0.7637737239727289,0.0,0.0,0.7303258378827313,1,21.544346900318846,0,histogram,0.9928544373125314
0.0,0.7637737239727289,0.0,0.0,0.5692655056423407,1,21.544346900318846,1,histogram,0.9940573078222413
0.0,0.7637737239727289,0.0,0.0,0.4766071664177383,1,21.544346900318846,2,histogram,0.9936682943808033
0.0,0.7637737239727289,0.0,0.0,0.3236018455615587,1,21.544346900318846,3,histogram,0.9939651730597955
0.0,0.7637737239727289,0.0,0.0,0.29825121834788954,1,21.544346900318846,4,histogram,0.9938269709161268
0.0,0.7637737239727289,0.0,0.0,0.5985926505817771,2,21.544346900318846,0,histogram,0.9938781568952632
0.0,0.7637737239727289,0.0,0.0,0.5195650455692534,2,21.544346900318846,1,histogram,0.9945384560261253
0.0,0.7637737239727289,0.0,0.0,0.4496669106812523,2,21.544346900318846,2,histogram,0.9936017526079257
0.0,0.7637737239727289,0.0,0.0,0.7369753085258112,2,21.544346900318846,3,histogram,0.993402127289293
0.0,0.7637737239727289,0.0,0.0,0.5682325314725496,2,21.544346900318846,4,histogram,0.9931666717852647
0.0,0.7637737239727289,0.0,0.0,0.5519458438168648,3,21.544346900318846,0,histogram,0.9940061218431048
0.0,0.7637737239727289,0.0,0.0,0.666735009569261,3,21.544346900318846,1,histogram,0.9932997553310198
0.0,0.7637737239727289,0.0,0.0,0.6768185202679519,3,21.544346900318846,2,histogram,0.9945282188302981
0.0,0.7637737239727289,0.0,0.0,0.5524480705806439,3,21.544346900318846,3,histogram,0.9937501919474218
0.0,0.7637737239727289,0.0,0.0,0.4230787406003679,3,21.544346900318846,4,histogram,0.9940624264201551
0.0,0.7637737239727289,0.0,0.0,0.27028018394559666,4,21.544346900318846,0,histogram,0.9938116151223858
0.0,0.7637737239727289,0.0,0.0,0.6058982841822719,4,21.544346900318846,1,histogram,0.9932588065477105
0.0,0.7637737239727289,0.0,0.0,0.4324384563641492,4,21.544346900318846,2,histogram,0.992531965643971
0.0,0.7637737239727289,0.0,0.0,0.6537538518026447,4,21.544346900318846,3,histogram,0.9935659224225301
0.0,0.7637737239727289,0.0,0.0,0.476619963069532,4,21.544346900318846,4,histogram,0.9935966340100121
0.0,0.7637737239727289,0.0,0.0,0.30444210048257175,0,77.42636826811278,0,histogram,0.9931820275790058
0.0,0.7637737239727289,0.0,0.0,0.2804279288179971,0,77.42636826811278,1,histogram,0.9933151111247608
0.0,0.7637737239727289,0.0,0.0,0.41364573682263733,0,77.42636826811278,2,histogram,0.9938781568952632
0.0,0.7637737239727289,0.0,0.0,0.48717004972921074,0,77.42636826811278,3,histogram,0.9931103672082143
0.0,0.7637737239727289,0.0,0.0,0.3667746959174708,0,77.42636826811278,4,histogram,0.9950349600237504
0.0,0.7637737239727289,0.0,0.0,0.6562223510251226,1,77.42636826811278,0,histogram,0.9943439493054061
0.0,0.7637737239727289,0.0,0.0,0.5338071753670308,1,77.42636826811278,1,histogram,0.9932383321560558
0.0,0.7637737239727289,0.0,0.0,0.6478781394922866,1,77.42636826811278,2,histogram,0.9937860221328174
0.0,0.7637737239727289,0.0,0.0,0.29383246339101654,1,77.42636826811278,3,histogram,0.9935966340100121
0.0,0.7637737239727289,0.0,0.0,0.7021600309126961,1,77.42636826811278,4,histogram,0.9941136123992917
0.0,0.7637737239727289,0.0,0.0,0.6747305959789658,2,77.42636826811278,0,histogram,0.9938423267098676
0.0,0.7637737239727289,0.0,0.0,0.43353334374629504,2,77.42636826811278,1,histogram,0.9945026258407298
0.0,0.7637737239727289,0.0,0.0,0.7202925310418127,2,77.42636826811278,2,histogram,0.9942159843575649
0.0,0.7637737239727289,0.0,0.0,0.3609017018501408,2,77.42636826811278,3,histogram,0.9933355855164153
0.0,0.7637737239727289,0.0,0.0,0.5043601977291797,2,77.42636826811278,4,histogram,0.9927930141375675
0.0,0.7637737239727289,0.0,0.0,0.3681301791677618,3,77.42636826811278,0,histogram,0.9934430760726022
0.0,0.7637737239727289,0.0,0.0,0.7403736977786308,3,77.42636826811278,1,histogram,0.9936119898037531
0.0,0.7637737239727289,0.0,0.0,0.29837126014192156,3,77.42636826811278,2,histogram,0.9940573078222413
0.0,0.7637737239727289,0.0,0.0,0.5402313245726451,3,77.42636826811278,3,histogram,0.9938730382973495
0.0,0.7637737239727289,0.0,0.0,0.6804773590219846,3,77.42636826811278,4,histogram,0.99518851796116
0.0,0.7637737239727289,0.0,0.0,0.39728931577850163,4,77.42636826811278,0,histogram,0.9924858982627479
0.0,0.7637737239727289,0.0,0.0,0.42828958112084026,4,77.42636826811278,1,histogram,0.9939907660493638
0.0,0.7637737239727289,0.0,0.0,0.36305915043196013,4,77.42636826811278,2,histogram,0.9920456988421731
0.0,0.7637737239727289,0.0,0.0,0.3605163177174453,4,77.42636826811278,3,histogram,0.9937501919474218
0.0,0.7637737239727289,0.0,0.0,0.2943608271069886,4,77.42636826811278,4,histogram,0.9938576825036085
0.0,0.7637737239727289,0.0,0.0,0.4091805626386696,0,278.2559402207126,0,histogram,0.9934840248559115
0.0,0.7637737239727289,0.0,0.0,0.37384302690161486,0,278.2559402207126,1,histogram,0.9935556852267027
0.0,0.7637737239727289,0.0,0.0,0.6414441837022092,0,278.2559402207126,2,histogram,0.9936222269995802
0.0,0.7637737239727289,0.0,0.0,0.6267945265458387,0,278.2559402207126,3,histogram,0.9929107418895816
0.0,0.7637737239727289,0.0,0.0,0.5331886705303355,0,278.2559402207126,4,histogram,0.9925217284481435
0.0,0.7637737239727289,0.0,0.0,0.679079512999579,1,278.2559402207126,0,histogram,0.9931820275790056
0.0,0.7637737239727289,0.0,0.0,0.31519072343110854,1,278.2559402207126,1,histogram,0.9939702916577091
0.0,0.7637737239727289,0.0,0.0,0.6323657329083674,1,278.2559402207126,2,histogram,0.9936734129787169
0.0,0.7637737239727289,0.0,0.0,0.2632122711526877,1,278.2559402207126,3,histogram,0.9940982566055507
0.0,0.7637737239727289,0.0,0.0,0.5256395659927724,1,278.2559402207126,4,histogram,0.9945794048094346
0.0,0.7637737239727289,0.0,0.0,0.49692626305775994,2,278.2559402207126,0,histogram,0.9944360840678521
0.0,0.7637737239727289,0.0,0.0,0.6378062336003694,2,278.2559402207126,1,histogram,0.9935812782162711
0.0,0.7637737239727289,0.0,0.0,0.47391179845022513,2,278.2559402207126,2,histogram,0.9933611785059836
0.0,0.7637737239727289,0.0,0.0,0.7229293522364135,2,278.2559402207126,3,histogram,0.9931359601977826
0.0,0.7637737239727289,0.0,0.0,0.4572747083586601,2,278.2559402207126,4,histogram,0.993294636733106
0.0,0.7637737239727289,0.0,0.0,0.40835473949717943,3,278.2559402207126,0,histogram,0.9950503158174913
0.0,0.7637737239727289,0.0,0.0,0.2710421492854889,3,278.2559402207126,1,histogram,0.9928800303020996
0.0,0.7637737239727289,0.0,0.0,0.5594991929954641,3,278.2559402207126,2,histogram,0.9949274694675635
0.0,0.7637737239727289,0.0,0.0,0.6943671836137619,3,278.2559402207126,3,histogram,0.9951936365590738
0.0,0.7637737239727289,0.0,0.0,0.26863240593154086,3,278.2559402207126,4,histogram,0.992316984531597
0.0,0.7637737239727289,0.0,0.0,0.44435239009882066,4,278.2559402207126,0,histogram,0.9927776583438265
0.0,0.7637737239727289,0.0,0.0,0.44068215563363183,4,278.2559402207126,1,histogram,0.9937297175557672
0.0,0.7637737239727289,0.0,0.0,0.6263013745318611,4,278.2559402207126,2,histogram,0.9940470706264138
0.0,0.7637737239727289,0.0,0.0,0.2992886044352108,4,278.2559402207126,3,histogram,0.9926701677876396
0.0,0.7637737239727289,0.0,0.0,0.6693910257415523,4,278.2559402207126,4,histogram,0.9934379574746885
0.0,0.7637737239727289,0.0,0.0,0.6468636284655247,0,1000.0,0,histogram,0.9936990059682853
0.0,0.7637737239727289,0.0,0.0,0.2875649058933809,0,1000.0,1,histogram,0.9937962593286446
0.0,0.7637737239727289,0.0,0.0,0.7154661023594141,0,1000.0,2,histogram,0.9940214776368457
0.0,0.7637737239727289,0.0,0.0,0.5339175569435323,0,1000.0,3,histogram,0.9930745370228187
0.0,0.7637737239727289,0.0,0.0,0.2706387306557803,0,1000.0,4,histogram,0.9940624264201551
0.0,0.7637737239727289,0.0,0.0,0.30431239847100916,1,1000.0,0,histogram,0.9931820275790056
0.0,0.7637737239727289,0.0,0.0,0.44759090484246633,1,1000.0,1,histogram,0.9936017526079256
0.0,0.7637737239727289,0.0,0.0,0.4378848953716894,1,1000.0,2,histogram,0.9924654238710932
0.0,0.7637737239727289,0.0,0.0,0.623172718625673,1,1000.0,3,histogram,0.9934993806496525
0.0,0.7637737239727289,0.0,0.0,0.40443731219293,1,1000.0,4,histogram,0.9919330896880726
0.0,0.7637737239727289,0.0,0.0,0.4786096751469576,2,1000.0,0,histogram,0.9934174830830339
0.0,0.7637737239727289,0.0,0.0,0.5450329126956794,2,1000.0,1,histogram,0.9926650491897259
0.0,0.7637737239727289,0.0,0.0,0.6028948347318693,2,1000.0,2,histogram,0.9937706663390763
0.0,0.7637737239727289,0.0,0.0,0.4549454249983429,2,1000.0,3,histogram,0.9936375827933212
0.0,0.7637737239727289,0.0,0.0,0.3180860077185556,2,1000.0,4,histogram,0.9932178577644013
0.0,0.7637737239727289,0.0,0.0,0.4983867541271816,3,1000.0,0,histogram,0.9938474453077811
0.0,0.7637737239727289,0.0,0.0,0.7101713413128403,3,1000.0,1,histogram,0.9940777822138961
0.0,0.7637737239727289,0.0,0.0,0.48800051479341044,3,1000.0,2,histogram,0.9933611785059836
0.0,0.7637737239727289,0.0,0.0,0.5354132806245101,3,1000.0,3,histogram,0.9919074966985044
0.0,0.7637737239727289,0.0,0.0,0.6320366582254766,3,1000.0,4,histogram,0.9931206044040416
0.0,0.7637737239727289,0.0,0.0,0.3202780616250786,4,1000.0,0,histogram,0.9943848980887156
0.0,0.7637737239727289,0.0,0.0,0.682588994754,4,1000.0,1,histogram,0.9938986312869179
0.0,0.7637737239727289,0.0,0.0,0.6218597026953052,4,1000.0,2,histogram,0.9926036260147622
0.0,0.7637737239727289,0.0,0.0,0.37829483987562157,4,1000.0,3,histogram,0.9934379574746885
0.0,0.7637737239727289,0.0,0.0,0.7271585620159828,4,1000.0,4,histogram,0.9943797794908019
